ሂብ	U+1202 U+1265	
ሂጊ	U+1202 U+130A	
ሂግ	U+1202 U+130D	ሂግስ
ሂሚ	U+1202 U+121A	ኢብራሂሚ	ብራሂሚ
ሂጛ	U+1202 U+131B	
ሂዒ	U+1202 U+12D2	
ሂዔ	U+1202 U+12D4	
ሂት	U+1202 U+1275	የሂትለር	በሂትለር	ሂትለር
ሂኅ	U+1202 U+1285	
ሆⶅ	U+1206 U+2D85	
ሆፈ	U+1206 U+1348	ከሆፈንሃይም	ሆፈንሀይም	የቤትሆፈን	ቤትሆፈን	ሆፈንሃይምን	የፍራውንሆፈር	ፍራውንሆፈር	ሆፈር	ሆፈንሃይም	አይንድሆፈን
ሆጋ	U+1206 U+130B	
ሆሇ	U+1206 U+1207	
ሆሒ	U+1206 U+1212	
ሆቃ	U+1206 U+1243	
ሆረ	U+1206 U+1228	
ሆሥ	U+1206 U+1225	
ሆⶏ	U+1206 U+2D8F	
ሆይ	U+1206 U+12ED	ቬርክሆይዘር	እማሆይ	የጃንሆይን	ሆይ	ጃንሆይ	ፈርሆይገን
ሆⶋ	U+1206 U+2D8B	
ሇጋ	U+1207 U+130B	
ሇሒ	U+1207 U+1212	
ሇሓ	U+1207 U+1213	
ሇለ	U+1207 U+1208	
ሇቃ	U+1207 U+1243	
ሇቑ	U+1207 U+1251	
ሇረ	U+1207 U+1228	
ሇሥ	U+1207 U+1225	
ሇⶏ	U+1207 U+2D8F	
ሇⶋ	U+1207 U+2D8B	
ለኸ	U+1208 U+12B8	
ለኽ	U+1208 U+12BD	
ሉደ	U+1209 U+12F0	
ሉጋ	U+1209 U+130B	
ሉቃ	U+1209 U+1243	ሉቃስ
ሉሥ	U+1209 U+1225	
ሊብ	U+120A U+1265	የሊብያው	የሊብራል	ኀሊብ	ሊብያን	በሊብያ	ሊብያ	የሊብያ
ሊች	U+120A U+127D	ኦሊች	ክሊችኮ
ሊጭ	U+120A U+132D	ሊጭበረበር
ሊፋ	U+120A U+134B	ኻሊፋ	ኸሊፋ	ካሊፋ
ሊገ	U+120A U+1308	ሊገለገልበት	ሊገፋ	ሊገነባ	ሊገኝበት	በሃይሊገንዳም	ሊገፋበት	ሊገመት	ሊገነዘበው	ሊገጥማት	ሊገጥም	ሊገነዘቡ	ሊገቱ	ሊገታው	ሊገኝለት	ሊገጥማቸው	ሊገቱት	ሊገጥመዉ	ሊገጥመው	ሊገባደድ	ሊገኙ	ሊገቡ	ሊገባ	ሊገታ	ሊገኝ
ሊጊ	U+120A U+130A	
ሊግ	U+120A U+130D	የአረብሊግ	ሊግን	ሊግና	የሊግ	ሊግም	ሊግ
ሊኸ	U+120A U+12B8	
ሊኹ	U+120A U+12B9	
ሊኺ	U+120A U+12BA	
ሊኻ	U+120A U+12BB	
ሊኽ	U+120A U+12BD	በዩሊኽ
ሊኾ	U+120A U+12BE	ሊኾን
ሊሚ	U+120A U+121A	ሙስሊሚ	ሊሚትድ
ሊማ	U+120A U+121B	ሐሊማ	ሊማርክ	ሃሊማ	የሊማዉ	ሊማ
ሊሞ	U+120A U+121E	ሊሞላ	ከሙስሊሞች	ሙሥሊሞችና	ፍሬሊሞ	ለሙስሊሞች	ሊሞቱ	የሙስሊሞችን	ሙስሊሞችንና	ሊሞላዉ	ሊሞት	ሙስሊሞቹ	የሙሥሊሞች	የሙስሊሞቹ	ሙስሊሞችም	የፍሬሊሞ	ሙስሊሞችና	ሊሞላው	በሙስሊሞች	ሙስሊሞችን	ሙሥሊሞች	የሙስሊሞች	ሙስሊሞች
ሊና	U+120A U+1293	በማሊና	በሕሊና	በበርሊናለዉ	ዓሊና	ሊናንዶር	ኅሊናን	ህሊናዊ	የበርሊናለ	አንጀሊና	ሊናገሩ	ሕሊና	ኅሊና	የኅሊና	ሊና	ራጆሊና	የሕሊና	ማሊና	ራዦሊና	ህሊና	በርሊናለ	የህሊና
ሊን	U+120A U+1295	በክሬምሊን	የካሮሊንስካ	ክሊንተንም	ማርሊን	ክሬምሊንን	ቤርሊን	ሊንች	ቡሊንገር	ክሊንተንና	ፍራንክሊን	ዲስፕሊን	ወደበርሊን	ክሬምሊን	ሊን	ቦሊንገር	ትሪፖሊን	ሊንከልን	ዳብሊን	ሮውሊንግስ	ሜክላፍሊን	ኮሊንስ	የበርሊንን	ለበርሊን	ኮሊን	ካሮሊን	ክሊንስማን	ዣክሊን	ቺሊን	ስታሊን	ሊንድነር	ዲሲፕሊን	የክሊንተንን	ሜሊንዳ	ሽሊንድቫይን	የክሊንተን	ሃምሊን	በቂሊንጦ	ቂሊንጦ	በርሊንና	ታሊን	አሊን	ዓሊን	የቂሊንጦ	ክሊንተንን	የማሊን	ሊንዳ	በርሊንን	ማሊን	ከበርሊን	ክሊንተን	የበርሊን	በበርሊን	በርሊን
ሊኖ	U+120A U+1296	ማሊኖቭስኪ	ሊኖሩት	በርሊኖች	ሊኖረን	ሊኖርበት	ሊኖራቸዉ	ሊኖራት	ሊኖረዉ	ሊኖሩ	ሊኖራቸው	ሊኖረው	ሊኖር
ሊዒ	U+120A U+12D2	
ሊዔ	U+120A U+12D4	
ሊቀ	U+120A U+1240	ሊቀመንበሯ	ሊቀንሱ	ሊቀነስ	ሊቀመንበሩን	ሊቀድ	ሊቀጳጳሱ	ሊቀስሙ	የሊቀ	ሊቀበለው	ሊቀላቀሉ	ሊቀጡ	ሊቀር	ሊቀጳጳስ	ሊቀሰቀስ	ሊቀመንበርን	ሊቀሰቅስ	ሊቀመንበርም	ሊቀበሉት	ሊቀበሉ	ሊቀይር	ሊቀርቡ	ሊቀጥሉ	በሊቀ	የሊቀመንበርነት	ሊቀየር	ሊቀመንበርና	በሊቀመንበርነት	ሊቀርብ	ሊቀመንበሩ	ሊቀመንበርነት	ሊቀንስ	ሊቀጥል	ሊቀ	ሊቀመንበር
ሊቅ	U+120A U+1245	ሊቅ
ሊቑ	U+120A U+1251	
ሊቚ	U+120A U+125A	
ሊሳ	U+120A U+1233	ሊሳካላቸው	የፖሊሳርዮ	ሊሳተፍ	ኮንዶሊሳ	ሊሳካ	ሊሳተፉ	ሌሊሳ
ሊሽ	U+120A U+123D	ኡርሊሽ	ሚሊሽያ	ሚሊሽያዎች
ሊት	U+120A U+1275	የቁልቁሊት	የኋሊት	ፖሊት	ሻሊት	ሌሊትም	ስቲግሊትስ	በኩላሊት	ጎርሊትዝ	አሻንጉሊት	መክሊት	የሌሊት	በሌሊት	የኩላሊት	ሊትር	ለሊት	ሌሊት
ሊኅ	U+120A U+1285	
ሌግ	U+120C U+130D	በአሌግዛንድርያ	ሌግ	የቴሌግራም	አሌግሬ	አሌግዛንደር
ሌኸ	U+120C U+12B8	
ሌኹ	U+120C U+12B9	
ሌኺ	U+120C U+12BA	
ሌኻ	U+120C U+12BB	
ሌኽ	U+120C U+12BD	
ሌኾ	U+120C U+12BE	
ሌን	U+120C U+1295	ተክሌን	ካሌን	ሻሌን	ቺሌን	ሮዉሌንስ	በቫሌንሢያ	ሌንሳ	ሽማግሌን	ሃይሌን	ቫሌንሢያን	ከቫሌንሢያ	ብሌን	ቫሌንሢያና	ግሌንኢግልስ	ግሌን	ሌንጮ	ቫሌንሢያ
ሌዒ	U+120C U+12D2	
ሌዔ	U+120C U+12D4	
ሌሽ	U+120C U+123D	
ልገ	U+120D U+1308	በምትፈልገው	አልገባችም	አፈላልገዋል	ያልገባ	ለመገልገል	ተፈልገው	ለሚያስፈልገዉ	ለሚፈልገው	ለሚያስፈልገው	በማገልገላቸው	ትፈልገዋለች	አልገባቸዉም	ያልገባችበት	አያስፈልገውም	ከሚፈልገዉ	አልገደልኩትም	አልገዛም	አልገለጸም	የምንፈልገውን	አልገቡም	ያልገቡበት	ሳያስፈልገው	የሚያፈላልገው	ያስፈልገኛል	ፈልገዉ	ልገሣ	መገልገያዎችን	አልገለፁም	ፈልገን	ሆልገር	እንደሚያስፈልገን	አልገለጹም	አያስፈልገንም	አልገባኝም	የምትፈልገውን	መገልገል	የሚያስፈልገን	ማገልገል	ግልገል	ፈልገዋል	አልገባም	የምትፈልገዉ	መገልገያዎች	የምፈልገዉ	በማገልገል	የሚፈልገዉ	የምንፈልገዉ	ለማገልገል	እንደሚያስፈልገው	አልገማይነ	የሚያስፈልገዉን	ከሚያስፈልገው	እንደሚያስፈልገዉ	ፈልገው	የምትፈልገው	ልገሳ	ያስፈልገናል	የምፈልገው	የምንፈልገው	የሚያስፈልገዉ	የሚፈልገው	መገልገያ	የግልገል	የሚያስፈልገውን	የሚያስፈልገው	ያስፈልገዋል
ልጊ	U+120D U+130A	ለሁልጊዜ	ሁልጊዜም	ሁልጊዜ
ልግ	U+120D U+130D	በሚያስፈልግበት	ስናፈላልግ	ያገልግሎት	ፒባልግስ	የምንፈልግ	አገልግሎቶችንም	ቢፈልግም	እንደምንፈልግ	ብትፈልግ	በአገልግሎቱ	አገልግሎታቸው	አልግሎቶች	አገልግሎቶችም	አገልግሎቶቻቸውን	ቢፈልግ	ለሚፈልግ	አገልግሎአል	አጋልግሎት	አገልግሎች	እንደማትፈልግ	የምትፈልግ	አገልግላለች	ቤልግሬድ	የማይፈልግ	በልግ	እንደማይፈልግ	አገልግሎቶቹን	ያስፈልግ	የአገልግሎቱ	በበልግ	እንዲፈልግ	እንዲያፈላልግ	ከአገልግሎት	አገልግሎቱም	እንደሚያስፈልግም	ለአገልግሎት	አገልግሏል	የሚያፈላልግ	አገልግሎትም	አትፈልግም	የሚያስፈልግ	የአልግሎት	በአገልግሎት	አገልግሎትና	አንፈልግም	እንደምትፈልግ	አልፈልግም	የበልግ	አያስፈልግም	አይፈልግም	አገልግሎቱን	አግልግሎት	አገልግሎቶችን	እንደሚፈልግ	የሚፈልግ	አገልግሎቱ	የአገልግሎት	አገልግሎትን	አገልግለዋል	አገልግሎቶች	እንደሚያስፈልግ	አገልግሎት
ልኸ	U+120D U+12B8	
ልኹ	U+120D U+12B9	
ልኺ	U+120D U+12BA	
ልኻ	U+120D U+12BB	
ልኽ	U+120D U+12BD	
ልኾ	U+120D U+12BE	
ልሚ	U+120D U+121A	ፍልሚያዎች	ኤልሚ	ፓልሚራ	አልሚ	ፍልሚያ
ልማ	U+120D U+121B	ልማድም	ለማልማትና	ልማድን	ኤልማዉ	ልማታዊ	በይልማ	ልማቱን	ዛልማይ	ከአልማዝ	አልማዝና	በአልማዝ	ይሸልማሉ	አልማዝን	ይልማን	ልማዱ	በሽልማት	ልማቶችን	ያልማል	ማልማቱ	ሽልማትና	ዲልማ	ከልማትና	ልማዶች	ሠልማን	በማልማት	ለልማትና	ልማትም	የልማትን	የሽልማቱ	የማልማት	አልማሊኪ	ሽልማትም	ሽልማታቸውን	ህልማቸውን	ለልማቱ	ሳልማን	በሽልማቱ	ህልማቸው	ሽልማቶችን	ይሸልማል	በልማትና	ልማቶች	የልማቱን	ጎልማሣ	በዘልማድ	የልማቱ	ማልማት	ለሽልማቱ	ሽልማቶች	በልማዱ	ጎልማሶች	በልማቱ	ሽልማትን	የአልማዝ	ለማልማት	የሽልማት	ልማቱ	ልማዳዊ	ጎልማሳ	ከልማት	ለሽልማት	የልማትና	አልማዝ	ሽልማቱን	በመልማት	ሽልማቱ	ልማትና	ልማድ	ልማትን	ለልማት	በልማት	ሽልማት	ይልማ	ልማት	የልማት
ልን	U+120D U+1295	መታገልን	ሰብልን	የሚወያዩልን	ብሒልን	ጤናይስጥልን	በላኩልን	እየተከታተልን	ላዋልን	ሺልንግ	ባሕልን	የገለጸልን	ልንይዝ	ተክልን	መቻቻልንና	ክትትልን	ያደረገልን	እየተበደልን	የካቡልን	ኢንተርናሽናልን	ሽልንግ	ልንሆን	ተበደልን	ይስጥልን	ሜርክልንና	መግደልን	ስላልቻልን	ስዕልን	መልሱልን	ባልንጀሮቻቸዉ	ከላኩልን	አልተደረገልንም	ዳንኤልን	ያቀረበልን	መባልን	ካልቻልን	የፖርቱጋልን	ልንል	ይላኩልን	ደወልን	ፊስቲቫልን	ተፈናቀልን	ማዕከልን	ሊንከልን	ብላክፑልን	የላከልንን	ልንሰራ	ልንደርስ	ያብራሩልን	የሊቨርፑልን	አላልንም	ልንወጣው	ኮልን	አባልን	ናዳልን	የገለፁልንን	ፓውልን	እህልን	ሤኔጋልን	የእህልን	የብራዚልን	መከላከልን	እንዲያብራራልን	የሚችልን	መጓደልን	በደልን	እንዲወያዩልን	የላከችልን	ከማልን	ዉልን	መቻቻልን	ሴኔጋልን	እንደገለፀልን	ደውሉልን	ክፍፍልን	ልትልኩልን	ሬያልን	ቃልን	ብራዚልንና	ውልን	ካፒታልን	እንዲያብራሩልን	ቪላርሬያልን	የእሥራኤልን	እንደገለጸልን	መስቀልን	የገለፀልን	ሐይልን	ወንጀልን	መሻሻልን	የሜርክልን	ከሰልን	እሥራኤልን	አካልን	እድልን	ክፍልን	ሃይልን	ኤስፓኞልን	ኃይለሚካኤልን	ትግልን	ላኩልን	የገለጹልን	የላኩልን	እንደዘገበልን	የድረሱልን	ፖርቱጋልን	ኦፔልን	ድልን	እያልን	እንደገለፁልን	የገለፁልን	አርሰናልን	ክልልን	ሊቨርፑልን	አልተሳካልንም	የእስራኤልን	በአልን	ዕድልን	ኃይልን	ሜርክልን	አልቻልንም	ብራዚልን	እስራኤልን	በላከልን	በዓልን	ሚካኤልን	ባህልን	የላከልን
ልዒ	U+120D U+12D2	
ልዔ	U+120D U+12D4	
ልሽ	U+120D U+123D	የእንቆቅልሽ	ሆልሽታይን	ሴልሽየስ	አልሽ	ብልሽት	እንቆቅልሽ
ልኅ	U+120D U+1285	
ልዩ	U+120D U+12E9	ልዩነቶቻቸው	ልዩነቶቹ	ልዩነቶችን	በልዩልዩ	ይፀልዩ	ልዩነታቸውን	ልዩና	አልዩ	ልዩነታቸዉ	ልዩነትና	ዴልዩስ	የልዩነት	ደብልዩ	ልዩነታቸው	ልዩነቶቻቸውን	ልዩው	ልዩነትን	ዳብልዩ	ለልዩ	ኢዮቤልዩ	ልዩነታቸዉን	ልዩነትም	ልዩነቱን	ልዩነቶች	ልዩነቱ	የልዩ	በልዩ	ልዩነት	ልዩ
ሒፋ	U+1212 U+134B	
ሒገ	U+1212 U+1308	
ሒጊ	U+1212 U+130A	
ሒግ	U+1212 U+130D	
ሒሂ	U+1212 U+1202	
ሒኸ	U+1212 U+12B8	
ሒኹ	U+1212 U+12B9	
ሒኺ	U+1212 U+12BA	
ሒኻ	U+1212 U+12BB	
ሒኽ	U+1212 U+12BD	
ሒኾ	U+1212 U+12BE	
ሒሞ	U+1212 U+121E	
ሒና	U+1212 U+1293	
ሒን	U+1212 U+1295	የሮሒንጃያ	የሮሒንግያ
ሒኖ	U+1212 U+1296	
ሒዒ	U+1212 U+12D2	
ሒዔ	U+1212 U+12D4	
ሒሳ	U+1212 U+1233	ሒሳብ	የሒሳብ
ሒሽ	U+1212 U+123D	
ሒኅ	U+1212 U+1285	
መን	U+1218 U+1295	መንግሥታቱም	መንስዔና	ሊቀመንበሯ	በሚታመንበት	መንፈሱ	መንግስታ	መንቀሳቀሳቸው	መንገዱም	የጀርመንንና	መንበርም	ዲፓርትመንት	መንግስትንና	ሊቀመንበሩን	መንገጭላ	መንደርን	የመንግስታቸው	መንስኤው	ከመንገደኞች	የጀርመንዋን	በመንግስታቸው	ልመንህ	በመንግሥታዊ	ለጀርመንዋ	መንግስ	መንግሥቷን	መንገላታታቸውን	ገጠመን	የሂዩመንራይትስ	መንማና	መንደፍ	ህገመንግስቱን	በየመንም	ለጀርመንና	መንገዳቸዉን	የኢንቨስትመንት	መንግስታዊው	ለመንበርከክ	መንግሥትነቱ	ለመንዳት	በመንገዳገድ	ህገመንግሥት	መንደሪቱ	መንግግሥት	በመንደፍ	ዴቨሎፕመንት	ማመንጫነት	የመንግሥትንና	ከመንደሮቻቸው	የመንገዱ	በሕገመንግሥቱ	መንግሥ	መንበራቸውን	ተመንም	መንግስቴ	መንገደኞችንና	የመንፈሳዊ	ከቤተመንግስት	በሕገመንግሥት	ይታመን	መንግሥታቱና	መንግስትንም	ከየመንም	መንፈሳቸዉ	በመንግስትም	መንደሩን	መንገዷ	መንግስታቸውን	ቆመን	መንገዶቹ	በመንታ	ጀርመንንም	ለጀርመንም	መንጸባረቁ	ለመንፈሳዊ	የመንታ	መንደብ	ከጀርመንና	የዚመንስ	ያጋጠመን	ለመንገር	አመንጭ	መንቀሳቀሻ	ከመንበራቸዉ	ብሬመንም	መንቀሳቀሳቸዉ	መን	ከመንበራቸው	የመንግሥቱም	መንስኤዎቹ	የመንግስታቸውን	መንግዶች	መንበራቸዉ	በየመንና	ማመንጪያ	መንፈሳዊው	ለመንደፍ	መንገላታታቸዉ	መንግት	በማመን	ሲተመን	መንሴ	መንፈሱን	በመንዙማ	የመንፈቅ	መንበራቸዉን	ዴቬሎፕመንት	በመንፈቅ	በመንግስታት	ተመንፈቅ	ተሾመን	ለመንግሥታት	የመንም	መንዳት	መመንጠር	ህገመንግሥቱን	መንካቱ	መንደሮቹ	የመንግስታዊ	መንግስትዋ	በመንግስታዊ	ከመንግስትም	ከመንፈቁ	መንጸባረቅ	መንደሮችና	በመንፈሳዊ	በመንካት	በየመንፈቁ	ብሬመንና	በመተማመን	ከጀርመንኛ	የማሳመን	የማይታመን	የዳይመንድ	በማሳመን	መንግ	በመንግስታዊው	አይታመንም	ክሌመንት	መንሸን	ማሳመን	በመንከባከብ	ሂዉመን	ከመንግስታቱ	ስለየመን	መንደርና	መንግሥታቸዉን	ሕገመንግስት	መንቀሳቀሱ	በመንቀስ	ወደየመን	ጀርመንዊንግስ	የገጠመን	ዘመንና	መንስኤም	በመንፈስ	የመንደሩ	መንግሥታዊና	መንግሥታቱን	አርመን	የየመንና	ማኔጅመንት	ጠመንጃዎች	መንግስታቱ	መንገዶችንና	የመንግሥታትን	የሚታመን	ከብሬመን	በመንደር	በኢንቬስትመንት	መንቀጥቀጡ	መንግሥታችን	መንግሥታዊውን	መንገዶችና	የዶክመንተሪ	መንበርና	መንግስትነት	መንግስቷን	አለመተማመን	የብሬመን	የመንግስቱን	መንሰራራት	ዳይመንድ	የሂውመን	የዲያመንድ	ማመንጫው	መንግሥትንም	መንፈስና	መንገር	ማመንታት	የጠመንጃ	ከመንግሥትም	መንጃ	ማመንጫውን	ማመንጫዎችን	መንፈሥ	መንግሥትንና	በመንተራስ	ተጠቅመን	ከጀርመንም	የመንግስታቱን	ለመንግስታቱ	መንገደኞችና	በየመንደሩ	ደጋግመን	ሊቀመንበርን	መንፈስም	መንግስታቸዉን	ጀርመንኛን	መንቀሳቀሱን	ከመንግሥትና	በመንግሥታትና	የአርመን	መንግሥቴ	ለብሬመን	የመንግሥትም	የመንጃ	መንግሥትነቱን	የሚታመንበት	ዲያመንድ	የመንግስትና	የመንግሥታቱን	መንግሥትዋ	የመንግሥታዊ	መንግሥታ	የመንደር	ህገመንግስታዊ	በመንግሥታቸው	መንኮታኮት	መንገደኛ	የመተማመን	ለመንገድ	ሊቀመንበርም	መንደርደሪያ	ለመንግሥቱ	መንስዔዎች	መንበሮችን	ከዘመን	መራሔመንግሥት	መንኲራኲር	መንትያ	ከመንገድ	ስለጀርመን	ጀርመንንና	የዳይመንድስ	የመንግሥታቸው	የጀርመንም	መንሸራተት	መንግስቱና	የመንግሥታቸዉ	መንስኤዎች	በመንገዶች	ወደጀርመን	ለመንከባከብ	ዘመንን	የሂዩመን	የመንግሥታቸዉን	የዳያመንድ	ክሌመንስ	ተመንን	መንፈስን	ኢንቬስትመንት	ለማመን	መንፈቅ	የኮመንዌልዝ	በጀርመንዋ	የመንገዶች	ከመንግሥታቱ	መንገድን	መንኮራኩሮች	መንፈሣዊ	የኢንቬስትመንት	በዘመን	መንገዶችም	መንገዳገድ	በጠመንጃ	መመናመን	ሙቭመንት	ዳያመንድ	መንግስታትም	ቤተመንግሥት	ከመንግሥቱ	ለየመን	መተማመንን	የማመንጨት	መንገላታት	በመንበረ	የመንቀሳቀስ	መንግሥትት	የሊቀመንበርነት	በመንቀፍ	መንስኤና	በብሬመን	መንደሩ	የመንና	መንደራቸው	ከመንግሥታት	የመንግስቱ	አስቀድመን	ብሬመንን	በጀርመንኛዉ	የመንግሥትነት	ይታመንበታል	መንስኤዉ	ለማዘመን	በየመንገዱ	ከጀርመንዋ	በማመንጨት	በመንግስትና	ሊቀመንበርና	የመንግስታት	ዚመንስ	መንዙማ	ጠብመንጃ	ቢታመንም	ለመንቀሳቀስ	ህገመንግስቱ	አመንጪ	መንሥዔ	በመንግሥትና	ለማመንጨት	መንግድ	መንግስታትና	መንከባከብ	ዘመንም	መንገደኞችን	የመንግሥትና	በሊቀመንበርነት	የየመንን	የመንፈስ	በመንግስታቱ	መንስዔው	በመንግሥታቱ	ሊቀመንበሩ	በመንግስቱ	ማመንጫዎች	ቤተመንግስት	የመንግስትን	ኢንቨስትመንት	ሊቀመንበርነት	መንገሻ	መንግሥታዊው	ምዕመን	ሂዩመን	ማመን	መንደሮችን	መንግስቷ	ለማሳመን	መንበረ	መንገድና	መንግስታትን	መንሱር	የመንግሥቱን	መንግስታቸው	መንግስታቸዉ	ማመንጨት	መንበርነት	መንገዱን	መንገዶችን	መንበሩ	በመንግሥታት	ጀርመንዋ	መንበሮች	በመንቀሳቀስ	መንገድም	ህገመንግስት	በጀርመንኛው	መንግሥቷ	በጀርመንና	መንግሥትነት	ሂውመን	መንጋ	ጠመንጃ	መተማመን	የመንገደኞች	መንገደኞች	በጀርመንም	ለመንግስት	ብሬመን	የመንን	በመንገድ	መንግስቱን	የመንግሥቱ	መንግሥታቸው	መንግስትም	የመንግሥትን	ከየመን	መንበሩን	መንቀጥቀጥ	በመንግሥቱ	ጀርመንም	መንግሥታትም	ጀርመንኛ	ተመን	ለመንግሥት	የመንግሥታት	መንግሥታቱ	መንግስትን	በጀርመንኛ	ከመንፈቅ	የመንገድ	መንደሮች	መንግሥታቸዉ	የመንግሥታቱ	መንገዱ	መንቀሳቀስ	መንግሥቱን	መንፈሳዊ	የመንግስታቱ	ከመንግስት	መንግሥታትን	የጀርመንዋ	መንግስትና	የጀርመንኛ	መንግሥትም	መንኮራኩር	መንግሥታትና	የጀርመንና	የዘመን	ጀርመንና	መንግስቱ	የጀርመንን	መንግሥትን	መንፈስ	መንታ	በመንግስት	መንገዶች	መንስዔ	መንስኤ	ከመንግሥት	በየመን	መንደር	ማመንጫ	መንግሥትና	መንበር	መንግስታዊ	መንግሥቱ	ለጀርመን	የየመን	ጀርመንን	በመንግሥት	መንግሥታዊ	የመን	ከጀርመን	የመንግስት	ሊቀመንበር	የመንግሥት	መንግስታት	ዘመን	መንገድ	በጀርመን	መንግስት	መንግሥታት	ጀርመን	የጀርመን	መንግሥት
መድ	U+1218 U+12F5	ከመድረስ	መድኃኒቶችም	ዘመድኩን	መድመቁ	ቤተዘመድ	ከመድኃኒት	ለመድፈን	የመድረሱ	የመድሕን	መድህኔ	መድሃኒትም	መጠመድ	ገብረመድህን	መድፈን	ዐመድ	መድኅንን	መድብሎች	ተመድበው	የመድረሱን	ሙሃመድ	መሃመድን	የመድሀኒት	ነጋሽመሐመድ	ስለመድረሱ	መድርክ	የዘመድ	ማራመድና	እንደመድኃኒት	የአህመድ	መድረሷን	ተመድባለች	አለመድረሱን	ገብረመድኅን	መድኃኒቶችን	የአመድ	መድፈርና	መድሐኒትና	በመድፈርና	የመድኀኒት	መድገሙ	መድፈራቸዉን	መድሐኒቶችን	አለመድረሳቸው	ማጥመድ	የሚመድቡትን	መድበለ	መድፈራቸዉ	መድሐኒቶች	ሲራመድ	ልትራመድ	የመድረቅ	የመድረክን	ማዛመድ	ለዘመድ	መሓመድ	መድፈኞቹ	ዘመድና	አሀመድ	አለመድረስ	መድኃኒትን	መድረሷ	በዘመድ	ለማራመድና	ሙሀመድ	መድሃኔ	እንደሚራመድ	ለመድረስም	መድባ	መድረሱንም	መድማት	በገመድ	መድገም	መሀመድን	መድኃኒቱ	መድፈርን	መድሃኒትና	ከመድረኩ	መድረኮችን	በመድፈር	በመድሃኒት	ለመድረክ	ዓመድና	እንዲራመድ	በማጥመድ	መድረሱም	አኽመድ	የመድፍ	የመድሐኒት	መድቧታል	የመድህን	መድረሳቸዉን	ከመሐመድ	መድሃኒቱ	ተመድቧል	የመድረክና	አህመድን	አለመድረሱ	መድኅን	የመድበለ	የመድፈር	መድረግ	መድሕን	አህመድና	መድብለ	መድሃኒቱን	የተመድን	ተመድቦ	በመድፍ	የመሐመድ	የሚራመድ	ለመድገም	የመድረስ	መድልዎ	የተመድና	መድብል	ዓመድ	መድቦ	መድሃኒቶችን	መሐመድን	መድኀኒት	መድረሳቸዉ	በማራመድ	መድረክና	አመድ	መድረክን	መድቧል	ከመድረክ	በመድረሱ	ከዘመድ	ወጥመድ	መድረኩን	መድሀኒት	በመራመድ	ሊራመድ	የመድን	ገመድ	መድረሳቸውን	ለመራመድ	መድሃኒቶች	መድሎ	የመድብለ	በመድረስ	የመድኃኒት	ከተመድ	መድረሻ	መድፍ	መድረክም	ማራመድ	መድኃኒቶች	ለተመድ	መድህን	ተመድ	መድረሳቸው	መድን	የመድረኩ	የመድሃኒት	በመድረኩ	በመድረክ	መድረካችን	ራመድ	ሞሃመድ	ሞሀመድ	መራመድ	ከመድረሱ	ሙሐመድ	አሕመድ	መድፈር	መድረኩ	መድሐኒት	ዘመድ	መድረኮች	ሞሐመድ	መድሃኒት	መድረሻችን	መድረስ	ለማራመድ	መድኃኒት	መድረሱን	መድረሱ	የመድረክ	በተመድ	ለመድረስ	አህመድ	መሃመድ	መሀመድ	የተመድ	መድረክ	መሐመድ
መጋ	U+1218 U+130B	መጋጨታቸውን	መጋራቱን	መጋዛቸዉን	መጋባትን	መጋበዙን	መጋጨታቸው	መጋለጡንም	መጋበዙ	መጋበዛቸው	በመጋፋት	መጋዝና	መጋጨቱ	የመጋለጡን	በአመጋገብ	በመጋራት	መጋጨታቸዉ	መጋቢ	መጋፋት	በመጋባት	የመጋለጥ	መጋዘኖች	አመጋገብና	መጋረጃ	ለመጋቢት	መጋቤ	መጋጨት	መጋራቱ	መጋለጣቸው	መጋበዝ	መጋባት	ለመጋፈጥ	ከመጋረጃ	ለመጋተር	መጋለጥ	የመጋቢት	መጋለጣቸዉ	መጋለጡን	ለመጋራት	መጋዘን	መጋራት	የአመጋገብ	መጋለጣቸውን	መጋለጡ	በመጋበዝ	መጋለጣቸዉን	አመጋገብ	መጋፈጥ	በመጋቢት	ከመጋቢት	መጋቢት
መሒ	U+1218 U+1212	
መቃ	U+1218 U+1243	መቃለሉን	በመቃወሙ	የመቃዲሾ	በመቃወማቸዉ	የመቃወማቸዉ	መቃረኑ	መቃብሮች	ከመቃወሙ	መቃወማቸውን	ከመቃወም	መቃጠል	መቃወስ	መቃጠላቸዉ	ከመቃብር	በመቃወማቸው	መቃወማቸው	መቃጠላቸውን	መቃረቡ	መቃወማቸዉ	በመቃረብ	በመቃወምና	ለመቃረብ	የመቃወሚያ	መቃዲሾን	የመቃብር	የመቃወም	ከመቃዲሾ	መቃወሙ	መቃረቡን	በመቃኘት	መቃወሙን	መቃቃር	መቃረብ	መቃኘት	በመቃዲሾ	መቃወም	ለመቃወም	መቃወሚያ	መቃብር	ለመቃኘት	መቃዲሾ	በመቃወም
መረ	U+1218 U+1228	ከጀመረው	የሚመረኮዝ	ይመረመራል	እንደተጀመረና	በተመረጡት	የመረሃ	የመረጠውን	እንዳልሠመረ	ያጣመረው	ሊመረመር	በመረታት	መረብን	እየመረመረ	ሲመረመር	የመረጡትን	የሚመረጡ	ሲመረምር	የመረመረበትን	የመረብ	የመረጃዉን	ለተመረጡት	የሚመረትበት	ሊመረጡ	መመረቅያ	ከመረጣቸው	የመረመረ	መመረጧም	መረጃዎቹን	እንዳይመረጡ	መመረቃቸዉን	ይመረት	የተመረቀ	በመረጋጋቷ	የመረጃዎችን	ለተመረጡ	የሚመረጡበት	ለሚጀመረው	ለጀመረችው	በጀመረ	የሚመረኮዘው	የሚመረተውን	በሰመረበት	የጀመረችበት	ካልሠመረ	አልመረጡም	እየጨመረና	እንደሚመረመር	እየተመረተ	መረገጡን	ለጀመረው	መረጥን	በመረጃዉ	የተከመረው	ከተመረጠች	ሲመረት	ከተመረቀ	መመረት	ባለመረጋገጡ	እንደሚመረምሩ	የጀመረች	አልሠመረም	መረታቷ	ያስመረረው	ሊመረጥ	እየተመረጡ	እንደተመረቀ	ካስመረቃቸው	እንደጀመረም	የተመረተዉ	ተመረጠች	እያጉረመረመ	የሚመረጠዉ	ቢመረጡ	በመረጃዎች	ሲመረምሩ	ስለጀመረው	አለመረጋጋቱን	ያስመረራቸው	መስመረኞች	መረራን	ባለመረጋጋት	መመረጡ	የመረጠ	አለመረጋጋቱ	የተመረጡትም	መመረጡን	ለመረጡት	የተመረኮዘው	የመረጣቸው	ቢመረጡም	የተመረጠውን	የመረጃው	የመረመረዉ	የመረጠበትን	ስለተጀመረዉ	ያልሠመረው	የመረጃዉ	መረሳት	በመረከብ	አለመረጋጋቶች	እንዲመረጡ	መረጣ	መረበሽ	የመመረጥ	እንደጨመረ	የሚጀመረዉ	መረከብ	መመረጣቸዉ	በመመረጥ	የመረጠችው	የሚመረጡት	እያመረቱ	መረገጥ	የሚመረምረዉ	የመረሳት	ስለጀመረችው	እንደሚመረምር	የተቀመረ	መረጋጋቱን	ይመረምራሉ	መረዳቱ	እንዲመረመሩ	የተጣመረ	መረር	አልጀመረም	ለተጀመረው	ያልሰመረው	አስመረት	የተመረጠችው	የተመረቀዉ	የተመረጠችዉ	ከተመረቁ	መረጃወች	የመረዳት	የሚመረምሩ	በጀመረዉ	መረታቱ	የጀመረዉና	አስመረቀ	ሰመረ	አልሰመረም	የተመረጠዉ	ከሚመረተው	መረሐ	የሚመረት	ጨመረ	የተመረተ	የሚመረምረው	የተመረቁት	ተመረጠ	የተከመረ	ያጣመረ	መረብና	ስለተጀመረው	የሚመረቱ	የመረመረው	መረጋጋቱ	የመረጣቸዉ	እንደተመረጡ	መመረጧ	የተጀመረውና	እየመረጡ	የተመረጠ	ለመመረቅ	ከጀመረችበት	መረጋገጡ	መረቡን	ለመረጃ	የተመረቀው	አለመረጋጋትና	መረጋገጡን	መረጥ	በመረዳት	ከጨመረ	ያለመረጋጋት	እየተመረመረ	ይመረጣሉ	ሲመረጡ	አለመረጋጋትን	የሚመረምር	እንዲመረመር	ከመረመረ	መረጋገጥ	በመረጃው	በመረታቱ	የጀመረበትን	መረጃዎችም	እንዲመረጥ	መረጃዉን	በሚጀመረው	የተመረቁ	መመረጣቸውን	መረጃው	በተጀመረበት	መረጃዎቹ	መመረቅ	ከመረጃ	ይመረምራል	የሠመረ	መረቦች	ከተመረጡት	የመረጠዉ	የመረጋጋት	የመረጡ	የሚመረጥ	መረቡ	መረጃም	ይመረታል	መረጠች	ለመረከብ	መረጃውን	መረጃና	የጀመረበት	አልተጀመረም	መረጋጋትና	በጀመረችው	የተመረጡትን	ከተጀመረበት	የመመረቂያ	ጀመረች	በተመረጡ	የጀመረችዉን	የተመረኮዘ	እንደጀመረ	በተጀመረ	የሚመረጠው	የተመረጠው	በጀመረበት	እንዲመረምር	የጨመረ	የተጀመረበት	መረጡ	መረጃዉ	የሚመረተው	የሚጀመረው	በተጀመረዉ	የሰመረበት	እንደተጀመረ	ከጀመረበት	የመረጃና	የጀመረዉን	የተጀመረዉን	የጀመረችውን	ተመረቀ	የጀመረችዉ	የሰመረ	መረጠ	መመረጣቸው	የተጀመረ	የመረጠው	የተጀመረውን	ለመመረጥ	የጀመረ	መረዳት	መረጋጋትን	የተመረጡ	የጀመረውን	ከተመረጡ	በጀመረው	ተመረጡ	ይመረጣል	የጨመረው	መረጃን	የመረጡት	ከጀመረች	የጀመረችው	መመረጥ	በመረጃ	ከመረብ	በተጀመረው	ተጀመረ	መረሃ	ለመረዳት	ጀመረ	አለመረጋጋት	የጀመረዉ	የተመረጡት	ከተጀመረ	የተጀመረዉ	መረጃዎችን	ከጀመረ	መረራ	መረጋጋት	የጀመረው	የተጀመረው	መረብ	የመረጃ	መረጃዎች	እየጨመረ	መረጃ
መሥ	U+1218 U+1225	ከመመሥረቷ	ከመሥራት	ተመሥርተው	መሥርቶ	የመመሥረቻ	መሥጠት	መሥረት	መሥርተዉ	መሥሪያቤቱ	መሥሪያቤቱን	በማመሥገን	ተመሥርቶበት	መሥመሩ	ለመሥጠት	መሥራቹ	መሥፈርቶች	ለመመሥረትም	መሥራትና	መሥርተው	ከመሥራቾቹ	መሥፈር	መሥሪያነት	በመሥቀል	መሥመሮች	የመመሥረት	መሥሪያቤት	መሥራቾች	መሥከረም	መሥራቱን	መመሥረቱን	መሥተዳድር	ተመሥርቶ	የመሥሪያ	ተመሥገን	መሥፈርት	መመሥረቱ	በመመሥረት	መሥፋፋት	መሥቀል	የመሥራት	መሥርያ	መሥራችና	መመሥረት	በመሥራት	መሥራች	ለመመሥረት	መሥመር	ለመሥራት	መሥራት	መሥፍን	መሥሪያ
ሚት	U+121A U+1275	ዲሚትሪይ	ዲሚትሪስ	ሊሚትድ	ኒያሚትዌ	የሚትጎለጎል	ንያሚትዌ	ሚትር	ዲሚትሪ	ሚት	ሽሚት
ሚዛ	U+121A U+12DB	የሚዛቅበት	ሚዛናዊነት	ሚዛንን	ሚዛኑ	ሚዛኑን	የሚዛን	ሚዛናዊ	ሚዛን
ማል	U+121B U+120D	ሶማልያዊ	ይደጋገማል	ለሶማልያው	በሶማልያም	ለማልማትና	ማልታና	ይቃወማል	ስለሶማልያ	ይደመደማል	ይጾማል	ይደገማል	ማልሜ	ካማል	ሶማልያዊው	ጃማል	ይገመግማል	ይቋቋማል	የሶማልያው	ሶማልያውያኑ	ያልማል	ማልማቱ	ያዜማል	የሚያማልል	ያቆማል	የሶማልያዉ	በማልማት	ይረዝማል	ከማልን	የማልማት	የሶማልያውያን	ይፈጽማል	ያስገርማል	የማልታ	ያሰማል	ይሸልማል	ማልታን	ይገጥማል	ገማል	ሶማልያዉያን	ይቆማል	ይፈፅማል	ይፈረማል	ይጠቀማል	ማልማት	ይጋጠማል	ያከትማል	በማልታ	ያጋጥማል	ሶማልያውያን	ይገመገማል	ሶማልያና	ጀማል	ይፈጸማል	ሶማልያን	ለማልማት	ይፈፀማል	ይጠቅማል	የሶማልያን	ከማል	ለሶማልያ	ማልታ	ከሶማልያ	ይጠቁማል	ይሰማል	ሶማልያ	በሶማልያ	የሶማልያ
ማሥ	U+121B U+1225	ለማሥፈን
ሜን	U+121C U+1295	አርሜንያ	የፍጻሜን	የአርሜንያ	በሰተሰሜን	ትርጓሜን	አርሜንያን	ካጋሜን	ሩሜንያ	ከሠሜን	አሜን	ስያሜን	ሤሜንያ	ከሰሜንና	የስሜን	ከአሜን	ወንድሜን	ሜን	ዕድሜን	የሠሜን	ወደሰሜን	እድሜን	ሠሜን	የሰሜንና	ለሰሜን	በሰሜንና	ሜንሽን	ሰሜንና	በስተሰሜን	ከሰሜን	የሰሜን	በሰሜን	ሰሜን
ምⶅ	U+121D U+2D85	
ምደ	U+121D U+12F0	ተራምደዋል	ዓምደኛ	አምደኞችን	መደምደሙን	መደምደም	በአምደ	ዓምደ	የምታራምደው	መደምደሙ	ምደባ	ተጠምደዉ	መደምደሚያ	ተጠምደው	የሚያራምደው	ተጠምደዋል	የአምደ	አምደኞች	አምደኛ	አምደ
ምድ	U+121D U+12F5	የዝምድና	ልምድስ	ልምምድና	ከምድቧ	ምድራቸዉ	ምድጃዎች	ምድሯን	በምድቡ	በልምምድ	ገምድል	ስታራምድ	በምድርዘይት	ሲያራምድ	ሊያራምድ	ድምድምታ	ምድሪቱ	ምድጃ	ምድሪቱን	እንዲያራምድ	ስለምድር	ዝምድና	ምድርም	በልምድ	ምድሩ	በምድሯ	ልምድና	የልምምድ	የየምድቡ	ልምድዋን	በምድርና	ምድራዊው	ምድሯ	የምድሩ	በምድረ	ምድቡ	ዓምድ	የምድቡን	የምድርዘይት	ከምድቡ	የምድርን	የምድራችንን	ከምድረ	ለምድራችን	ለምድር	ልምድን	ከምድብ	የምድቡ	ምድረበዳ	የሚያራምድ	ምድርና	ተደምድሟል	ምድራችንን	ምድርን	ምድቡን	ከምድራችን	እሽቅድምድም	የልምድ	አምድ	ምድቦች	ምድረ	የምድራችን	ምድራችን	ምድራዊ	ልምምድ	ሽቅድምድም	በምድራችን	በምድር	ከምድር	የምድብ	በምድብ	ልምድ	የምድር	ምድብ	ምድር
ምዶ	U+121D U+12F6	ጠምዶ	በተለምዶዉ	ተላምዶ	ተጠምዶ	ልምዶችን	ልምዶች	በተለምዶ
ምፈ	U+121D U+1348	የምፈልገዉ	የምፈልገው
ምጋ	U+121D U+130B	በሸምጋይነት	የሸምጋዮች	ሸምጋዮች	ሸምጋይ	ሸምጋይነት
ምሒ	U+121D U+1212	
ምሓ	U+121D U+1213	
ምለ	U+121D U+1208	ዳይምለርና	ያከትምለታል	የምለዉ	የዳይምለር	የምለው	ማምለጫ	በማምለጥ	ለምለም	ዳይምለር	ማምለጥ	ለማምለጥ
ምል	U+121D U+120D	ምልክትነት	ምልጃ	ምልልሶችና	የምል	ምልዕክት	ቃለምልልሱን	ምልልስም	የአምልኮ	ምልዓተ	አምልጦ	ምልልስን	ምልክትን	ምልከታ	ምልክቱን	የምልክት	ምልክቱ	ምልኪ	ምልመላ	ምልክትም	አምልጠው	አምልጠዋል	ምልልሱ	አምልጠዉ	ምልክቶችን	ምልልሱን	ቃለምልልስ	ምልክቶች	ምልልስ	ምልክት
ምቃ	U+121D U+1243	ደምቃ
ምረ	U+121D U+1228	ጥምረቱን	ከምረቃ	በመምረጡ	ከመምረጥ	ተዓምረኛዉ	ማምረትም	አስተምረዉበታል	ይምረጡ	በሚጀምረው	አምረው	አጣምረን	ተጣምረዉ	የሚያስተምረው	ከምረጡኝ	ኤምረ	ተምረናል	መምረጫ	መምረጣቸዉ	በማምረቱ	ማምረቻው	የምንጀምረዉ	የምንጀምረው	መምረጧ	ተምረዋል	ተደማምረው	በምረቃዉ	መርምረናል	ጨምረዉም	መምረጣቸዉን	ጨምረዋል	ማምረቷን	መምረጣቸው	ጀምረን	መርምረው	ለማምረትና	ምረጡኝ	ተምረን	የሚመረምረዉ	የመምረጡ	ስምረት	ማምረቻዎች	ተጀምረዋል	ጨምረን	የጥምረቱ	ምረጡ	ኬምረን	የሚጨምረው	የሚመረምረው	አላምረው	በምረቃው	ተምረዉ	በምረጡኝ	በጥምረት	ካምረን	ጀምረናል	መምረጡ	በመምረጥ	የማምረቻ	መምረጡን	ተምረው	የምረቃ	የማምረት	በማምረት	ጥምረቱ	የሚጀምረዉ	ጨምረዉ	የሚጀምረው	ተጣምረው	ጀምረው	ጨምረው	ማምረቻ	የምረጡኝ	መምረጥ	የመምረጥ	ጀምረዉ	ምረቃ	ማምረት	ለማምረት	ለመምረጥ	ጥምረት	ጀምረዋል
ምሪ	U+121D U+122A	ጭምሪ	መምሪያና	የስምሪት	መምሪያው	ሥምሪት	አምሪ	ስምሪት	መምሪያ
ምራ	U+121D U+122B	የጣምራ	በጣምራ	ይዘምራሉ	የምርምራቸው	በምርምራቸው	በአምራቹ	ዑምራ	የአምራቹ	ለአምራቾቹ	ከአምራች	አስተምራለሁ	ያስተምራቸዋል	አምራቾችና	ያምራል	ተዓምራዊ	ምርምራ	ማምራቱን	አምራቹን	ማምራታቸውን	የአምራች	ይመረምራሉ	መምራቱ	መምራታቸውን	ላማምራ	ኡምራ	ከማምራታቸው	አምራችነት	ማምራት	ትጀምራለች	አምራችና	ምርምራቸው	እንጀምራለን	ምርምራቸውን	ለማምራት	ላማምራን	ይመረምራል	አምራቾችን	ያስተምራሉ	ያስተምራል	አምራቾቹ	አምራቹ	የመምራት	ጣምራ	ጀምራ	በማምራት	ታምራት	መምራቱን	ለመምራት	ጀምራለች	መምራት	ይጨምራል	በመምራት	ይጀምራሉ	አምራቾች	ይጀምራል	አምራች
ምሥ	U+121D U+1225	ምሥራቁን	በምሥራቃዊዉ	በአምሥትና	ምሥራቋ	አምሥተኛና	ከምሥራቅም	ምሥረታው	በየአምሥት	ምሥራቆች	ምሥረታና	ምሥጢራት	ምሥራቃዊቱ	ከምሥራቅና	ምሥረታን	ምሥራቃዊው	አምሥቱን	ምሥራቅዋ	ምሥጉን	ምሥክሮችን	አምሥቱ	የምሥራቃዊውና	በአምሥተኛ	ምሥራቃዊውን	ምሥጢሩን	ለአምሥተኛ	በአምሥተኝነት	የአምሥትና	የምሥጋና	ምሥል	የምሥክር	ምሥራቅም	የምሥራቁን	የምሥራቃዊው	የደቡብምሥራቅ	ምሥራቁ	በስተምሥራቅ	በምሥጢር	ምሥክርነት	በምሥራቁ	አምሥትና	የምሥራቃዊ	የምሥረታ	ምሥጋና	በምሥራቅና	በምሥራቃዊው	ምሥራቅን	ምሥቅልቅል	የምሥራች	ምሥክር	የምሥራቁ	ምሥክሮች	ምሥጢራዊ	አምሥተኛው	ለምሥራቅ	የምሥራቅና	በምሥራቃዊ	ምሥራቅና	የአምሥት	ምሥጢር	ከምሥራቅ	በአምሥት	ከአምሥት	ምሥረታ	አምሥተኛ	ምሥራቃዊ	በምሥራቅ	አምሥት	የምሥራቅ	ምሥራቅ
ምታ	U+121D U+1273	የእሩምታ	የምታቀርብ	የምታራግፈው	በሩምታ	በእሩምታ	የምታደርሰዉን	እንደምታ	እንደምታቆም	የምታካሂድ	ከምታቀርበው	ከምታገኘው	የምታዋስን	የምታድገው	መላምታዊ	እድምታ	ቀደምታቸው	የምታቀርበውን	ራምታ	ለምታቀርበው	የምታመርተው	እንደምታስፋፋ	እንደምታስወጣ	የምታገኙት	በዝምታና	የምታውቂውን	እንደምታከብር	የምታመርተውን	ድምድምታ	እንደምታስብበት	በምታቀርበው	እንደምታጠናክር	እንደምታጣ	እንደምታዩት	ለምታደርገው	ሩምታ	የምታደርግ	ተስማምታለች	እንደምታዉቀዉ	ግምታዊ	አንድምታዉ	እንደምታዉቁት	ጥቁምታ	በምታዘጋጀው	በምታስተናግደዉ	ይዘምታሉ	እንደምታዉ	የምታስተናግድ	አዝምታለች	የምታገኝ	ለምታስተናግደው	እንደምታስተናግድ	እንደምታውቀው	እገምታለሁ	የምታገኘውን	እንደምታቀርብ	የምታቀርበዉ	የምታራምደው	ለምታደርገዉ	በምታደርገዉ	እንደምታውቁት	እንደምታገኝ	አንደምታው	የምታካሂደውን	እንገምታለን	የምታቀርበው	በምታገኘው	በመምታት	የምታስተናግደዉ	እሩምታ	አሰምታለች	በምታስተናግደው	በምታካሂደው	ለምታካሂደው	ግምታቸውን	የምታውቀው	የምታወጣው	የምታገኘዉ	ራምታን	ጭምጭምታ	አንደምታ	እንድምታ	የምታስገነባዉ	ዝምታ	እድምታዉ	መምታት	ዝምታን	ሰላምታ	በዝምታ	የምታስተናግደው	የምታገኘው	እንድምታዉ	የምታስገባው	የምታደርገዉን	ይገምታል	የምታደርገዉ	የምታደርገውን	የምታካሂደው	አንድምታ	ለመምታት	አንድምታው	ይገምታሉ	በምታደርገው	እንደምታደርግ	የምታደርገው	ምታት
ምጠ	U+121D U+1320	አስቀምጠውታል	መምጠቱ	ተቀምጠን	ተቀምጠናል	ለማምጠቅ	ያስደምጠናል	የምጠብቀው	አስቀምጠው	አስቀምጠዉ	የማምጠቅ	ሰምጠው	ሰምጠዉ	ተቀምጠዉ	አስቀምጠዋል	ተቀምጠው	ተቀምጠዋል	ተደምጠዋል
ምⶏ	U+121D U+2D8F	
ምያ	U+121D U+12EB	ምያንማርን	እንደምያስፈልጋቸዉ	በኦሮምያና	ግጥምያን	ቅድምያ	ክሪምያ	ላምያ	ማቆምያ	ማተምያ	ገጣምያንን	አዝማምያ	በክሪምያ	ማጠራቀምያ	ገጣምያን	የክሪምያ	ማረምያ	የኦሮምያን	ምያንማር	የምያንማር	በቅድምያ	ኦሮምያ	ግጥምያ	በኦሮምያ	የኦሮምያ
ምⶋ	U+121D U+2D8B	
ሞታ	U+121E U+1273	ሞታቸው	ሰይሞታል	መሞታቸዉና	ስሞታው	መሞታቸውም	ትሞታለች	መሞታቸውና	ሥሞታ	መሞታቸዉንም	ተቃውሞታል	ተርጉሞታል	ደግሞታል	በመሞታቸዉ	ስሞታና	አጋጥሞታል	ይሞታል	ተቃዉሞታል	መሞታቸዉን	መሞታቸዉ	መሞታቸው	ይሞታሉ	ስሞታ	መሞታቸውን	ገጥሞታል
ሤዔ	U+1224 U+12D4	
ሥፈ	U+1225 U+1348	ለማሥፈን	መሥፈርቶች	መሥፈር	መሥፈርት
ሥጋ	U+1225 U+130B	የሥጋት	በሥጋ	የሥጋቱ	የምሥጋና	ሥጋቱን	ሥጋታቸውን	ሥጋትን	በሥጋት	ሥጋትም	ግሥጋሴ	ግሥጋሤ	ምሥጋና	ሥጋትና	የሥጋ	ሥጋ	ሥጋቱ	ሥጋት
ሥመ	U+1225 U+1218	በአሥመራ	መሥመሩ	መሥመሮች	ሥመ	አሥመራ	መሥመር
ሥረ	U+1225 U+1228	ታሥረዉ	ከመመሥረቷ	የመመሥረቻ	መሥረት	ምሥረታው	ምሥረታና	በአሥረኛው	ምሥረታን	ለመመሥረትም	ታሥረው	ሥረዛ	እሥረኛ	የእሥረኞች	ክሥረት	እሥረኞችም	የመመሥረት	መመሥረቱን	እሥረኞቹ	እሥረኞችን	መመሥረቱ	በመመሥረት	ታሥረዋል	ሥረ	የምሥረታ	አሥረኛ	መመሥረት	እሥረኞች	ለመመሥረት	ምሥረታ
ሥራ	U+1225 U+122B	ከሥራው	ሥራዎቻቸው	ሥራይ	በሥራችን	በእሥራኤላውያን	ያለሥራ	ዐሥራ	ለእሥራት	ከመሥራት	ምሥራቁን	በምሥራቃዊዉ	ሥራዎቻቸዉን	አሥራተ	ምሥራቋ	ሥራዎችም	ለአሥራ	እሥራትና	ከምሥራቅም	እሥራኤላዊ	ለሥራው	ከእሥራት	እሥራኤልና	ከሥራቸው	ምሥራቆች	በአሥራኤል	ምሥራቃዊቱ	ከእሥራኤላውያን	ሥራውንም	ከምሥራቅና	ምሥራቃዊው	እሥራኤላዉያን	መሥራቹ	ሥራዎቻቸዉ	ሥራዎቻቸውን	ሥራችንን	ምሥራቅዋ	ሥራዋ	በሥራቸው	ሥራቸውም	የእሥራኤሉ	መሥራትና	ሥራአስኪያጅ	በአሥራ	የአሥራኤል	የምሥራቃዊውና	ሥራዋን	ከመሥራቾቹ	ምሥራቃዊውን	ሥራችን	ከሥራቸዉ	የእሥራኤልና	በእሥራኤልና	የአሥራ	የእሥራ	እሥራኤላውያኑ	ምሥራቅም	የምሥራቁን	መሥራቾች	የምሥራቃዊው	አሥራት	መሥራቱን	የደቡብምሥራቅ	ምሥራቁ	እሥራኤላውያንን	በስተምሥራቅ	ሥራዬ	የእሥራኤልን	ሥራዎቹን	ሥራቸዉ	በሥራው	በምሥራቁ	እሥራኤልን	የሥራና	የምሥራቃዊ	ብሥራት	ሥራዉ	ከአሥራ	የእሥራት	በእሥራት	ከእሥራኤል	የመሥራት	በምሥራቅና	በምሥራቃዊው	ምሥራቅን	መሥራችና	ሥራዎቹ	የምሥራች	ሥራም	የምሥራቁ	ሥራዉን	ሥራን	እሥራኤላውያን	ለምሥራቅ	የምሥራቅና	ሥራዎችን	ሥራቸው	በምሥራቃዊ	በመሥራት	ምሥራቅና	ሥራው	ሥራቸዉን	በእሥራኤል	ሥራና	መሥራች	ከሥራ	እሥራት	ከምሥራቅ	ሥራቸውን	ለሥራ	ለመሥራት	ሥራውን	አሥራ	ምሥራቃዊ	ሥራዎች	እሥራኤል	የእሥራኤል	መሥራት	በምሥራቅ	በሥራ	የምሥራቅ	ምሥራቅ	የሥራ	ሥራ
ሥጢ	U+1225 U+1322	ምሥጢራት	ምሥጢሩን	በምሥጢር	ምሥጢራዊ	ምሥጢር
ረሃ	U+1228 U+1203	በረሃን	የመረሃ	ረሃብንም	የረሃብተኛው	በረሃና	ግብረሃይል	ረሃቡ	ረሃብም	የረሃብተኞችን	ለረሃብና	የበረሃማነት	የረሃብን	በረሃማነትን	አብረሃ	በረሃማነት	ረሃብተኞች	የበረሃዋ	ረሃብንና	የረሃብተኞች	አብረሃም	በረሃማ	በበረሃ	በረሃብና	ረሃብተኛ	የበረሃ	ከረሃብ	ረሃብና	ለረሃብ	ረሃብን	መረሃ	በረሃብ	በረሃ	የረሃብ	ረሃብ
ረመ	U+1228 U+1218	ከፈረመች	ይመረመራል	የተፈረመዉን	ተፈራረመች	ሊመረመር	እየመረመረ	ሲመረመር	ከረመላሕ	እንዳስገረመ	የመረመረበትን	የመረመረ	የተፈራረመችዉ	ያስገረመ	የከረመችዉ	ገብረመድህን	ያስገረመው	እንደሚመረመር	የከረመውን	የከረመችው	የተፈረመበት	በተፈረመበት	አረመኒያዊ	እያጉረመረመ	ገብረመድኅን	ከራረመ	ገብረመስቀል	ገረመው	በተፈረመ	የከረመዉን	የመረመረዉ	የረመዳንን	እንዲመረመሩ	አላስገረመም	ከረመዳን	የተፈረመበትን	የፈረመው	ዘረመል	ረመዳንን	በተፈረመዉ	በረመዳን	የተፈራረመው	የመረመረው	ከረመ	አረመኔያዊ	እየተመረመረ	የተፈረመውን	ተፈራረመ	እንዲመረመር	ከመረመረ	የተፈረመዉ	ዘረመሉ	ተፈረመ	የከረመ	የከረመው	በተፈረመው	የከረመዉ	ረመዳን	ከተፈረመ	የረመዳን	የተፈረመው
ሩጊ	U+1229 U+130A	
ራኽ	U+122B U+12BD	
ራን	U+122B U+1295	አበራን	ለጋራንግ	ፍራንሶዋ	ፍራንክፈርትን	ሳንፍራንሲስኮ	ለትራንስፖርት	ግራን	ሰፈራን	አስመራን	እንጀራን	በፍራንክ	ከመምህራን	በፍራንክፈርትና	ፈጠራን	ኤስፔራንስ	ትራንስፎርሜሺን	የሜድትራንያንን	የሜዲቴራንያንን	ትራንስፖርትን	ሳራንጂ	መምህራንና	ፍራንሱዋስ	ከምሁራን	የሉተራን	የመምህራንን	የቴህራንን	ፍራንክሊን	ፍራንሲስኩስ	ትራንስፖርትም	ሎራን	ምሑራንና	ስፍራን	ካማራን	ቢራን	የትራንስፎርሜሽን	ሙሕራን	ጣራን	ፍራንትዝ	አልሜይራን	ሜድትራንያን	ፍራንኮ	ፍራንክፈርቱ	ኤርትራንና	መረራን	ኢራንም	ሜዲተራንያንን	እንዲያጋራን	በመምህራን	ዊትዋተርስራንድ	የቴሕራንን	ትራንስፖርቱ	በሜዲትራንያን	ራንጉን	ሜዲቴራንያን	የመምሕራን	በትራንስፓረንሲ	የቴህራን	ፍራንሲስን	ሬስቶራንት	ሜዲትራንያን	ተፈራን	መከራን	ፍራንስስ	ከጋራንግ	ግራንት	ብራንት	ራንሰምዌር	ቀራንዮ	የትራንስፖርትና	የኢንሹራንስ	የፍራንክ	በቴሕራን	ፍራንሱዋ	በፍራንክፈርቱ	የፍራንክፈርቱ	በሜድትራንያን	በኢራንና	የሜዲቴራንያን	ፍራን	ከቴህራን	በረራን	ግራንዲ	የፍራንክፉርት	ኪሣራን	እየሠራን	የሜድትራንያን	ዩራንየም	ዋራንት	የትራንስፓረንሲ	በትራንስፖርት	ራንድ	ኢንሹራንስ	ለኢራን	ፍራንዝ	ክቡራን	የጋራንግ	ትራንስፖርትና	የትራንስ	ላማምራን	ስውራን	በሜዲተራንያን	ምሁራንም	ከቴሕራን	ሜዲተራንያን	በቴህራን	ከፍራንክፈርት	እየሰራን	መምህራንን	ትራንስፎርሜሽን	የሜዲተራንያን	ትራንስ	የፍራንክፈርት	ምሁራንና	የኢራንና	በፍራንክፉርት	ግራንድ	ቴህራን	የመምህራን	ስራን	ፍራንክፉርት	ፍራንክፉርተር	በሜዲቴራንያን	ምሑራን	ሥራን	ኢራንና	ቴሕራን	የምሁራን	መምሕራን	የቴሕራን	ፍጡራን	በሜዴትራንያን	ምሁራንን	ትራንስፓረንሲ	ፍራንስዋ	ጋራንግ	የኢራንን	የትራንስፖርት	በፍራንክፈርት	ትራንስፖርት	ኤርትራን	ፍራንሷ	ኢራንን	የኤርትራን	ፍራንክፈርት	ከኢራን	ፍራንሲስ	መምህራን	በኢራን	ፍራንክ	ፍራንስ	ምሁራን	የኢራን	ኢራን
ራይ	U+122B U+12ED	ቮቨራይት	ለትግራይ	ሥራይ	የሂዩመንራይትስ	በትግራይና	በኪራይ	ኢብራይሞ	በካራይብ	ፕራይስ	ትግራይን	ራይኮነን	የክራይስስ	ትግራይና	ራይንሃርድ	ራይተር	ሻንጊራይ	በራይንላንድ	በራይን	ራይድ	ክራይስ	በኖርድራይን	ብራይንት	ለኪራይ	ማራይከ	ክራይስለር	ቻንጋራይ	ራይሙንድ	ድራይ	በራይላ	ፍራይቡርግን	የኖርድራይን	ከትግራይ	የራይን	ተከራይቶ	የካራይብ	ስቫንጊራይ	ቻንግራይ	የኪራይ	ራይት	ክራይ	ራይፍ	ካራይብ	ብራይደን	ፍራይቡርግ	ካራይብና	የከራይብና	ራይነር	ቻንጊራይ	የካራይብና	የትግራይ	ክራይስስ	ኪራይ	ራይስ	በትግራይ	ራይን	ራይላ	ትግራይ	ራይትስ
ሲፍ	U+1232 U+134D	
ሲኹ	U+1232 U+12B9	
ሲና	U+1232 U+1293	የኤምባሲና	ሲናፈቅ	አልሲሲና	ሙርሲና	ቸልሲና	የፖሊሲና	በዲሞክራሲና	ሲናይ	ሲናገሩት	ኤምባሲና	ዲሲና	የዴሞክራሲና	የዲሞክራሲና	ዲሞክራሲና	ሲናገር	የሲና	ሲና	ዴሞክራሲና	በሲና	ፖሊሲና	ደራሲና	ለዲሞክራሲና	ለዴሞክራሲና	ሲናገሩ
ሲዒ	U+1232 U+12D2	
ሲዔ	U+1232 U+12D4	
ሲቅ	U+1232 U+1245	
ሲት	U+1232 U+1275	
ሲጥ	U+1232 U+1325	ሲጥሉ	ሲጥር	ሲጥል	ሲጥሩ
ሸመ	U+1238 U+1218	መሸመት	የሚሸመግሉት	በሻሸመኔ	ለመሸመት	እንዲሸመግሉ	ሻሸመኔ	የሸመቁ
ሺፍ	U+123A U+134D	
ሺና	U+123A U+1293	በሺና	ፕሮፌሺናል	ኢንተርናሺናል
ሺዒ	U+123A U+12D2	
ሺቅ	U+123A U+1245	
ሺት	U+123A U+1275	
ሺጥ	U+123A U+1325	የሺጥላ
ቀረ	U+1240 U+1228	በቀረበላቸዉ	እየቀረው	ያቀረበቻቸው	የተቀረውን	የቀረበላቸው	የቀረቡለትን	ስለቀረበዉ	ቀረርቶ	ቀረፋ	እንደቀረው	ከቀረ	ከቀረጥና	በቀረበት	እስከተጠናቀረበት	ቀረን	ባቀረበበት	በቀረቡባቸው	ያስቀረው	ቀረቤታ	ከቀረቡላቸው	የተጠናቀረዉ	እንደተቀረው	ለቀረዉ	እንዲቀረፍ	ከቀረቡባቸው	ካቀረባቸው	ባቀረቡዋቸው	ካልቀረ	ባጠናቀረዉ	የቀረበባቸዉን	ከቀረው	ላቀረቡላቸው	ለቀረበበት	በተቀረዉ	ለቀረበዉ	ለቀረቡት	ማስቀረቱ	ያቀረቡበትን	እንደቀረበ	ያጠናቀረችዉን	ያጠናቀረችውን	ከተቀረዉ	የቀረችው	የቀረዉን	ስለቀረበው	እያቀረበች	በቀረበላቸው	ባቀረብነው	ከቀረበባቸው	ያቀረበልን	እንደቀረበበት	የቀረበት	ከቀረበለት	አቀረበች	እየቀረበበት	ሊያስቀረዉ	እያቀረበ	ቀረጥም	ባጠናቀረው	ለተቀረው	እንዳያስቀረዉ	ያቀረቡበት	ያቀረብኩላቸው	ካቀረበች	ለቀረቡላቸዉ	የቀረጥና	በቀረበባቸው	ቀረጻ	ባቀረብነዉ	ያቀረቧቸዉ	በቀረቡበት	በቀረዉ	ያቀረቧቸውን	እየቀረቡበት	አልቀረውም	የተቀረጸዉ	የተዋቀረዉ	ያቀረበ	ያቀረቡለትን	ለተቀረዉ	የቀረበች	የተዋቀረው	የተጠናቀረ	የሚያስቀረው	የቀረበባቸዉ	የቀረበለት	እንዳልቀረም	ለቀረው	የቀረበላቸውን	የቀረውን	ካቀረበ	የተጠናቀረው	አላቀረበም	የቀረበላትን	ባቀረበችው	የቀረበባቸውን	ያጠናቀረችው	ቀረፃ	አልቀረለትም	በቀረበለት	ባቀረቡበት	በቀረጥ	የቀረቡበት	የቀረበላቸዉን	አላቀረቡም	እንዳልቀረች	ከቀረበው	በቀረቡት	ያቀረብኩለት	እንደቀረ	ላቀረበዉ	ቀረጥን	እየቀረቡ	የተዋቀረ	በቀረው	ሲቀረዉ	ያጠናቀረዉን	ያጠናቀረው	ለቀረቡላቸው	ያቀረብነው	በቀረቡ	ላቀረበው	ለቀረቡ	ይቀረዋል	እየቀረበ	ለቀረበላቸዉ	አልቀረችም	ካቀረቡት	የቀረበበትን	የተቀረዉ	በቀረበ	አልቀረበም	አልቀረቡም	የቀረበባቸው	መፍቀረ	ያቀረበችዉ	ከተቀረው	ያቀረባቸው	የቀረቡትን	ማስቀረት	ከቀረቡ	በቀረበበት	እያቀረቡ	ያቀረበችዉን	ለቀረበላቸው	በቀረበዉ	ላቀረቡት	ካቀረቡ	ያቀረቡ	ከቀረበ	በተቀረው	ቀረዉ	በማስቀረት	ቀረበ	ያጠናቀረውን	የቀረበለትን	የቀረዉ	በቀረበው	የተቀረው	ያጠናቀረዉ	ባቀረበዉ	ቀረቡ	የቀረ	ከቀረጥ	የቀረበበት	ቀረ	ያቀረበችውን	ያቀረበዉን	አቀረበ	የቀረበዉን	ቀረብ	ያቀረበችው	ሲቀረው	የሚቀረው	ያቀረበዉ	የቀረጥ	ለማስቀረት	አቀረቡ	ከቀረቡት	የቀረው	የቀረበዉ	የቀረበውን	በተቀረ	የቀረቡ	ባቀረበው	ያቀረበውን	የቀረበ	ያቀረቡትን	የቀረቡት	ባቀረቡት	እንዳልቀረ	ቀረጥ	ያቀረበው	የቀረበው	ያቀረቡት	አልቀረም
ቃያ	U+1243 U+12EB	የማሰቃያ	ሲያሰቃያቸዉ	ይሰቃያል	ይሰቃያሉ
ቚኹ	U+125A U+12B9	
ቡቃ	U+1261 U+1243	
ቢፍ	U+1262 U+134D	
ቢዒ	U+1262 U+12D2	
ቢተ	U+1262 U+1270	አቃቢተ	ቢተኮር
ቢቱ	U+1262 U+1271	ሙራቢቱን	የመርከቢቱ	መርከቢቱ
ቢቲ	U+1262 U+1272	
ቢቴ	U+1262 U+1274	
ቢት	U+1262 U+1275	ሰቢት	ትጽቢት	አቃቢት	ለመጋቢት	ትፅቢት	ሴቢት	የመጋቢት	ትንቢት	ደደቢት	በመጋቢት	ከመጋቢት	መጋቢት
ቢቶ	U+1262 U+1276	
ቢጥ	U+1262 U+1325	ቢጥርም	ቢጥልም	ቢጥሩም
ቤዔ	U+1264 U+12D4	
ቤት	U+1264 U+1275	ኪቤትን	በቤትና	ቤትሆቨን	ቲቤትን	ቤትስ	ትምህርትቤት	ቼቤት	በምክርቤት	የቲቤትን	ኤሊዛቤት	አልፋቤት	የቤትሆፈን	ወደቤት	ባለቤትን	በቲቤት	ቤትሆፈን	መሥሪያቤት	ግምጃቤት	ባለቤትዋ	ባለቤትነትን	ወህኒቤት	የምክርቤት	ቲቤት	ባለቤትና	ባልተቤት	ኪቤት	ባለቤትም	እቤት	የቲቤት	ወደጎረቤት	ዝቤት	ለጎረቤት	የባለቤትነት	የጎረቤት	ፍርድቤት	እመቤት	ከጎረቤት	ለቤት	አቤት	በጎረቤት	በቤት	ቤትን	ባለቤትነት	ቤትም	ቤትና	ከቤት	ምክርቤት	ጎረቤት	የቤት	ባለቤት	ቤት
ቪና	U+126A U+1293	ሙሳቪና	ዲቪና
ቪቅ	U+126A U+1245	
ቪት	U+126A U+1275	የዎልፎቪትስ	ዎልፎቪትስም	ቮልፎቪትስ	ዎልፎቪትስ
ቪጥ	U+126A U+1325	
ታደ	U+1273 U+12F0	የታደለዉ	የምታደርሰዉን	ታደባለች	ወታደራዊውን	መታደስ	ታደራጃለች	ወታደሮችንም	በወታደር	ወታደርነት	የመታደጉ	ስታደርገው	የታደሙ	የማታደርግ	ታደሰም	የመታደግ	በመታደግ	እንዳለመታደል	ስለወታደሮቹ	እየታደኑ	ይታደጋል	ታደመ	ሊታደግ	በመታደም	የወታደራዊው	ታደለች	የወታደሮቹን	ለምታደርገው	የምታደርግ	ታደሰና	ታደርግ	ወታደሮችዋ	ብትታደልም	እንዲታደግ	ከወታደራዊው	መታደል	ወታደሮቻቸዉ	የታደሉትን	ብታደርግ	በወታደራዊው	ለመታደም	የታደመዉ	ወታደሮቻቸው	በታደለችው	የታደሉት	በታደለው	የታደለው	በታደሙበት	ለምታደርገዉ	የሚታደግ	በምታደርገዉ	ብታደርግም	አልታደሉም	ከታደሉት	ወታደሮቻቸዉን	የታደሙት	ወታደራዊና	የታደለውን	ወታደሮችንና	የወታደሮች	የወታደሮቹ	የታደለ	ልታደርግ	ወታደሮችዋን	ለወታደራዊ	በወታደሮች	አለመታደል	ወታደሮቿ	የታደሉ	የታደለችው	ታደሰን	ከወታደራዊ	ወታደራዊው	የታደሰ	ታደስ	የምታደርገዉን	የታደለች	ወታደራዊዉ	መታደግ	የምታደርገዉ	ወታደሮቻቸውን	የምታደርገውን	ወታደሩ	ወታደሮቹን	የወታደር	ስታደርግ	ታደለ	ታደርጋለች	እንድታደርግ	በምታደርገው	ወታደሮችም	እንደምታደርግ	የወታደራዊ	ታደሠ	ወታደሮቿን	ወታደሮችና	የምታደርገው	ወታደሮቹ	በወታደራዊ	ለመታደግ	ወታደሮችን	ወታደር	ወታደራዊ	ወታደሮች	ታደሰ
ታኡ	U+1273 U+12A1	
ታሥ	U+1273 U+1225	ታሥረዉ	ታሥረው	ታሥሮ	ታሥረዋል
ትኹ	U+1275 U+12B9	
ኋላ	U+128B U+120B	ኋላፊነቱን	ተክሌየኋላ	ኋላቀሮቹ	ከኋላቸው	ከኋላዋ	ኋላፊ	ኋላቀር	ከኋላው	ኋላም	ከኋላ	ወደኋላ	በኋላም	ኋላ	የኋላ	በኋላ
ኒሻ	U+1292 U+123B	ኒሻን	በቤኒሻንጉል
ኒት	U+1292 U+1275	የላይብኒትስ	ከመድኃኒት	መድሃኒትም	የላይብኒትዝ	የመድሀኒት	እንደመድኃኒት	መድሐኒትና	የመድኀኒት	መድኃኒትን	መድሃኒትና	በመድሃኒት	የመድሐኒት	መድኀኒት	መድሀኒት	የመድኃኒት	የመድሃኒት	መድሐኒት	መድሃኒት	መድኃኒት
ናኢ	U+1293 U+12A2	ከፓናቴናኢኮስ
ንኡ	U+1295 U+12A1	ንኡስ
ንራ	U+1295 U+122B	የሂዩመንራይትስ	የኮንራድ	ኮንራድ
ኖኢ	U+1296 U+12A2	
ኖሊ	U+1296 U+120A	ቴክኖሊጂ	የቴክኖሊጂ
ኛታ	U+129B U+1273	
ኡኸ	U+12A1 U+12B8	
ኡኻ	U+12A1 U+12BB	
ኡኽ	U+12A1 U+12BD	
ኡን	U+12A1 U+1295	ኡን	ኡንክታድ	የኡንክታድ
ኢኸ	U+12A2 U+12B8	
ኢኹ	U+12A2 U+12B9	
ኢኽ	U+12A2 U+12BD	
ኢኾ	U+12A2 U+12BE	
ኢና	U+12A2 U+1293	ኢናሢዮ
ኢኖ	U+12A2 U+1296	ኢኖሬሮ
ኢዒ	U+12A2 U+12D2	
ኢዔ	U+12A2 U+12D4	
ኣኸ	U+12A3 U+12B8	
ኣኹ	U+12A3 U+12B9	
ኣኺ	U+12A3 U+12BA	
ኣኻ	U+12A3 U+12BB	
ኣኽ	U+12A3 U+12BD	
ኣኾ	U+12A3 U+12BE	
እግ	U+12A5 U+130D	በእግርና	እግዚቢሽን	እግረኞች	የእግረኛ	የእግዚአብሄር	እግዚዓብሄር	እግዚያአብሔር	እግርኩዋስ	ተኽለእግዚእ	ከእግዚአብሄር	በእግረኞች	እግዚያብሄርን	በእግረኛ	በእግራቸው	እግሩን	እግድ	ትእግስት	እግዚዓብሔር	ገብረእግዚያብሔር	እግራቸዉ	ለእግር	ገብረእግዚአብሔርን	ገብረእግዚያብሄር	እግረ	የእግዚአብሔር	እግዳዉ	እግሯ	እግዚአብሄርን	በእግራቸዉ	እግራቸው	የእግርኳስ	በእግሩ	ገብረእግዚዓብሔር	እግዚያብሔር	ከእግር	እግዚያብሄር	እግረኛ	እግዚአብሔርን	ተኽለእግዚ	እግዚዘብሔር	ገብረእግዚአብሄር	እግሩ	በእግር	እግዚ	እግዚአብሄር	ገብረእግዚአብሔር	የእግር	እግር	እግዚአብሔር
እኽ	U+12A5 U+12BD	እኽል
እን	U+12A5 U+1295	እንዲያስረዱ	እንዲያዩ	እንደሚሸፍን	እንዲያገኝም	እንደሚያሣዩት	እንደቀድሞ	እንደሚቀነስ	እንዳያልፉ	እንድትጠፋ	እንድናገኝ	እንታገላለን	እንደማትቀበለው	እንዲቆረጥ	የእንቆቅልሽ	እንግሊዛዊት	እንዳልጠበቀ	እንደማይገባን	እንዲወሰድም	እንደሚዘጋጅ	እንዳያሰናክል	እንዲቀየጡ	እንዲያሳልፉ	እንደሚያከናዉን	በእንግሊዘኛዉ	እንዲነቃቃና	እንደብዙዎቹ	እንመጣለን	እንግዳዎቻችን	እንደተደረገው	እንዲቆምና	እንዲላቀቁ	እንደማይታዩ	እንዲገልጹ	እንደሚላክ	እንደወሰደ	እንዳልደረሰዉ	እንደሞከሩ	እንግዶችና	እንዳይገጥሙ	እንዳስነበበው	እንደሚሰጡም	እንዲሽከረከሩ	እንደሆነችው	እንዲደርግ	እንዳረጋገጠ	እንዳጋጠመው	እንዱ	እንዲወረሱ	እንደተደበደቡ	እንድናይ	እንደተጀመረና	እንዲያመራ	እንደማትል	እንደነገሩን	እንደተከታተላችሁት	እንዲስተካከሉ	እንዲጫወቱ	እንዳየለ	እንዲቀሰቀስ	እንድትወልድ	እንዳትሄድ	እንዳለበትና	እንዳይመለስ	እንዲገዙና	እንደምያስፈልጋቸዉ	እንደምታ	እንደራሴነት	እንዲዋጉ	እንደኖሩበት	እንደሚፈርሱ	እንገልፃለን	እንደምታቆም	እንገፋበታለን	እንደተመለከተዉ	እንደሚቀጥሉበት	እንደፖለቲካ	እንደሚካፈሉ	እንዲሆም	እንዳልተሻሻለ	እንደማያዳግት	እንዳያባብሰው	እንደሚለቀቁ	እንፈታዋለን	እንደተሰበሰቡ	እንደሚልቅ	እንደሚመሠርቱ	እንዳልሠመረ	እንዲነሳላቸው	እንደሚያስከትሉ	እንደሚያዳብርና	እንደሚቋረጥ	በእንጥልጥል	እንዉጣ	እንደታወቀው	እንደሚቆይም	እንዲለዉጥ	እንደማትሳተፍ	እንደታዘበው	እንዲፈተሽ	እንዲሆንላችሁ	እንዲተው	እንዲያስወግድ	እንዲጠየቁ	እንውሰድ	እንደሚያንስ	እንዲያዩት	እንደገቡት	እንደጥናቱ	እንዳረጋገጠዉ	እንዲያገኙት	እንርዳ	እንዲያስብ	እንዳይቀጨዉ	እንደሚያመቻች	እንዳላደረጉት	እንዳይለዉጠዉ	እንዳስገነዘበው	እንዲያስገባ	እንደተከታተለዉ	እንደሚመልስ	እንዳወጣ	እንደነበሩት	እንዳስገረመ	እንደሰፈሩ	እንጊሊዝ	እንደስጋት	እንደሚገፋበት	እንደታቀደለት	እንዲፈጽሙ	እንደምትደግፍ	እንዳላስገኘላቸው	እንደተከለከሉ	እንዳስቀመጠው	እንዳልደረሰ	ከእንስሳቱ	እንደሚጠበቅበት	እንደደረሰም	እንድታመራ	እንዲሞላ	እንደሚጠራጠሩ	እንዳይከሠት	እንሸጋገር	እንዳባባሰዉ	እንደቀረው	እንዳያድግ	እንዲያስተካክል	እንዲቀል	እንዲተርኩ	የእንቆቅልሹን	እንደሚጠቀልል	እንቴርናሽናል	እንዲኖረን	ለእንግሊዝ	እንዲጋፈጡ	እንዲተክሉ	እንደሚያምነው	እንድትታይ	እንዳይጥሉ	እንደሰፈነ	እንጥቀስ	እንደሆነባቸዉ	እንደባለሙያዉ	እንዲካሄድና	እንደሚራዘም	እንዲያቆለቁል	እንደገባቸው	እንዲያሸንፍ	እንደሚያከናውኑ	እንደማይነካ	እንዲመስል	እንዷ	እንደሚገመተው	እንደተሰጠ	እንዳይሸጋገር	እንደዚያም	እንደሚኮራ	እንዲለግሱ	እንጀራን	እንግዳቸዉ	እንደማይሰጣቸው	እንዳይጠፉ	እንደመግለጫዉ	እንዳይቀንስ	እንደሚዘረጋ	እንዳመለከተዉም	እንዲቃጠሉ	እንደማይበልጡ	እንዳይለወጥ	እንደተወያዩ	እንዳለፈዉ	እንዳጣ	እንደየቅደም	እንዲሆነው	እንደሚያመላክቱት	እንዲከሠቱ	እንግሊዝኛን	እንደያዘው	እንደታገደበት	እንዲኖሩት	እንደማያልፍ	እንዳይጎበኙት	እንደተጠቀሙ	እንደለመደው	እንዳላሉ	እንደሚያረጋግጥ	እንደሚያስፈልጉ	እንድትሰራ	እንደማያዉቅ	እንዳልሆኑም	እንዳሻው	እንደሌለባቸዉ	እንደራቀ	እንደተፈፀመባቸው	እንደተሳናቸው	እንዲረዱት	እንዳያደናቅፍ	እንደናረ	እንዲገዛ	እንዲያደርጉት	እንዳደረገችዉ	እንዳይቀበሉ	እንዲገድል	እንድም	እንደሚጠብቅ	እንዲፈነጥቅ	በእንግሊዞች	እንደሚቋቋም	እንደሚስብ	እንዲቆጠር	እንጊሊዘኛ	እንደሚጋሩ	እንድታዘጋጅ	እንዳሳየች	እንደሚነሱ	እንደማይካፈሉ	እንደተቀናበረና	እንደሚገባውና	እንዳይዘነጉ	እንደሚያሣይ	እንደሰደድ	እንዳታመርት	እንዳይመረጡ	እንደሚሰራም	እንዳትወጣ	እንደሚሰማዉ	እንዳነጋገሯቸዉ	እንዲነሳላት	እንዳያከናውኑ	እንደሚያስጠነቅቁት	እንዳያስነሳ	እንዲቀነስና	እንደሚያስተናግዱ	እንደሚጠይቁም	እንዳይዝ	እንደተተኮሰባቸው	እንደሚያመነጭ	እንደደረሱም	እንደተቆጣጠሩ	እንደማያምኑ	እንገነባለን	እንዳከበሩት	እንዲወጡለት	እንዲራመዱ	እንደሆንኩ	እንዳያጨናጉለዉ	እንደሚጨርስ	እንደሳበች	እንደሚጣራ	እንደታቀደ	እንዲወጣም	እንጻር	እንዳደረገና	እንድታመልጥ	እንደባተሉ	እንዲረከቡ	እንደሚጠበቅም	እንከላከል	እንደምትይዝ	እንድትዋሐድ	እንደሚጠቁም	እንደሚኖረውም	እንደማይገባቸው	እንግልትም	እንድትቆም	እንዳይሰናከል	እንዲልኩ	እንድትቀር	እንዲሰየም	እንደሚጠይቁ	እንዲይዙት	እንዲሻር	እንዲዋሀዱ	እንዲድን	እንዳካሄዱ	እንዲከስም	እንደሚያሳስቡ	እንደተጋረጠበት	እንዳይታወክ	እንደሚቀይሩ	እንዳሻቸዉ	እንዳቋረጠች	እንደመሆናቸዉ	እንዳልነዉ	እንደተቀረው	እንዳያስተላልፉ	እንደሚገባን	እንደሚደግፈዉ	እንዲያሳልፉት	እንዳገኘም	እንዲጻፍ	እንደሚሆኑም	እንዳያሰሙ	እንደሚጠራጠሩት	እንቆማለን	እንደሚበቀል	እንዳይመለሱ	እንዳሠፈረው	እንደሚከተሉ	እንደሚያሻሽል	እንዲቋረጡ	እንዲመለሱና	እንደተመለሰ	እንደተገለፀዉ	እንዲቀረፍ	እንደተሳነው	እንደምገኝ	እንዳያበላሸዉ	እንዲያደርግላቸው	እንደጦፈ	እንዳለፈ	እንደሚበጀው	እንግዶችም	እንዳይገኙ	እንዲሰጡና	የእንጦጦ	እንዳይሸጡ	እንደማይሻሻሉ	እንደሚገኘው	እንዳረጋገጡ	እንደነ	እንደሚቋቋሙ	እንዲሽከረከር	እንድትገታ	እንሸኘዉ	እንዳስታወቁትም	እንደሚለይ	እንደተናገሩትም	እንዲያውቅ	እንደሚጠናከር	እንደተፈታ	እንዲሰጡኝ	እንዳደረጋቸው	እንደሚናገሩ	እንዳርጋቸዉ	እንደሚታሰበዉ	እንደሚያጋልጥ	እንደሱ	እንደፃፈዉ	እንደምንፈልግ	እንበለዉ	እንዲለማ	እንደሚመረመር	እንዳይወስዱ	እንደሚያመሩ	እንደሚጋለጥ	እንዲያፋጥኑ	እንሆን	እንዲሠማራ	እንዳልወጣ	እንደሚጠቀም	እንድትቆጠብ	እንዲገልጽ	እንዲመክሩበት	እንዲመነምን	እንደማይጠቅም	እንደልባቸው	እንደሚረግጡ	እንዳበቃቸዉ	እንደተዋጠ	እንደምናዉቀዉ	እንሼዴ	እንደምትጠቀምበት	እንደሰፈነባት	እንደወጣች	እንደሚኖርበትም	እንደዛቱት	እንደሚያውቁት	እንደማይመስል	እንደማይመታ	እንዳጠላበት	እንዲርቅ	እንተባበራለን	እንዳሳሰበ	እንፋሎትና	እንደማይሆንም	እንደተቋቋመ	እንደጣሉበት	እንዲዋቀር	እንደተገነዘብኩት	እንደሚጓዝ	እንደሚያስረዳዉ	እንዲያዝና	እንዲዘረጋ	እንዲታከም	እንደየደረጃው	እንዲያበቃና	እንደሚጠቁሙ	እንዳይዳከም	እንደሚያስረክቡ	እንዲካሄዱ	እንዳይጣልበት	እንደሚያከናውን	እንደሚመለስ	እንደምትረከብ	እንደሚኖራችው	እንዲተረጎሙ	እንዳይረሳ	እንደሚመሰርት	እንዲፈታና	እንዲገደብ	እንዲሰይም	እንደሌለባቸው	እንዳሳዩ	እንዲታሰር	እንዳረካቸው	እንዳደረገችው	እንደተዘፈቀ	የእንጀራ	እንደተገነባ	እንደሚፈረሙ	እንዲያደርጉበት	እንዲሁኑ	እንደሰጡ	እንድትሸጋገር	እንደሚያቀላጥፍ	እንደሚያነሱ	እንዲተባበረዉ	እንደተደረገላቸው	እንዳይታወቅ	እንደሚሰደዱ	እንደተጠቆመው	እንዲገመግሙ	እንደሆነባቸው	እንዲደረግም	እንዲያዘጋጁ	እንደማይወጡ	እንዳይፈጸም	እንደሚወስደው	እንድትቀንስ	እንዳይደርስባት	እንዳለባትና	እንዲጨብጡ	እንደተበየነባቸው	እንደማያመጣ	እንደምትመርጥ	እንዳይሰሩ	እንደሷ	እንደደረሰች	እንዳይልኩ	እንዲወዳደር	እንዲታረም	እንድትቀላቀል	እንደሚደርስባቸዉ	እንዲኖርዎት	እንደማይቦዝኑ	እንዲመሠርት	እንደመጣች	እንደሚሆነው	እንዳይቻል	እንዳይጠይቁ	እንደማይከበሩ	እንደሚያባብሰዉ	እንዲያስፈታ	እንዲመለስላቸዉ	እንደሚጋፋ	እንዲሰጥም	እንደሚደረግላቸዉ	እንዳልተሳካለት	እንደተከታተሉት	እንደተያዘ	እንደሚሰቃዩ	እንቢ	እንዳይኖረዉ	እንዳለመታደል	እንዲያስመዘግቡ	እንዲያጠና	እንደሚጠብቀው	እንደሚደረግባቸው	እንዳምናው	እንደሚመረምሩ	እንዲረጋጋ	እንደየሁኔታው	እንደምትጸና	እንዲያርፉ	እንዳጋጠመ	እንደሚታወቁ	እንዲፈለግላቸው	እንወክላለን	እንደገናም	እንደሚያገለግል	እንድታድግ	እንደሚደረግላቸው	እንዳስገኘለት	እንዳይገጥመው	እንቁላልና	እንዲያደርግላቸዉ	እንዳውቅ	እንዳላገኙት	እንደተጠራ	እንዴትም	እንዳይረበሽ	እንድታሻሽል	እንደሚቃረን	እንደሚከፍልና	እንደምታስፋፋ	እንደሚሰማሩ	እንዲያልፉ	እንዳታጣ	እንደምታስወጣ	እንዳልከዉ	እንደተጫወተች	እንዲጤን	እንዲለሙ	እንዳልታየ	እንደሚደገፍ	እንደሚደረግም	እንደፈጠሩ	እንደማትገባ	እንደሚጥርም	እንደያኔዉ	እንዳይገጥማቸው	እንዳያዘምቱ	እንደተወጠሩ	እንደታየባቸው	እንደጠበቀች	እንደምክንያትነት	እንዳሳሰቡት	እንደማያገኝ	እንዳያሳልፉ	እንዳረፈ	እንደሚገናኙ	እንዳያመሩ	እንደመድኃኒት	እንዳይነካ	በእንጊሊዘኛ	እንግዳዎች	እንደሰራ	እንደሚገባና	እንዳለውና	እንደዘረዘረዉ	እንደምናምነው	እንዳልሆኑና	እንዲሸጋገሩ	እንዲመልስ	እንደማይኖረዉ	እንዲያሰፋ	እንዲታገሉ	እንደዘገባዉም	እንደሚነጋገሩም	እንደሚዳብር	እንዲሞክሩ	እንደተመረቀ	እንደሚገምተዉ	እንዳይደረግላቸዉ	እንዲመክር	እንዲወክሉ	እንዲጠበቅለት	እንዲጣልባቸው	እንዲተባበር	እንዲተባበሩዋቸው	እንደሚዘጉ	እንዳይተላለፍ	እንደቀረበ	እንቀጠለ	እንደሚገነዘቡት	እንዲያደምጡ	እንደሚፈፀምባቸዉ	እንደምታከብር	እንዲጠቃለሉ	እንደተፈናቀሉ	እንደጀመረም	እንዲደረግባቸዉ	እንዳሰኘ	እንደምትተባበር	እንደማይበቃ	እንደሚወጡም	እንዳይደግፍ	እንዳልተገኘ	እንዲታወቅላቸው	እንደተዘፈቀች	እንደጠየቀ	እንካ	እንዲፈቀድላቸው	እንደሚኖሩም	እንዲላቀቁና	እንዲያሰፍኑ	እንድትጠይቅ	እንዲሰፍንና	እንደሚያቀርቡም	እንዲያሳትፍ	እንዲዘራ	እንደሚያውል	እንደሚጠየቁ	እንዲልቅ	እንደሚሰሩና	እንዳደረጋት	እንደምታስብበት	እንዲገጥማት	እንደማይለወጥ	የእንግጫ	እንዲመልሱ	እንደደረሳቸው	እንደሚያነቃቃ	እንዳይንር	እንደተሸሸጉ	እንዲያደርግበት	እንደሚገፋ	እንዳትገባ	እንቅፋቶችን	እንደሚያቋርጥ	እንዳይወስድ	እንዳጋለጠ	እንደተደረገባቸው	እንድትከታተሉ	እንዳሳዘነዉ	እንዳይደርስባቸዉ	እንድትጥል	እንዲያውቀው	እንደወደቁ	እንደማይለያት	እንድንመለስ	የእንስሳትና	እንዲያጣሩ	እንደምታጠናክር	እንዲመለከት	እንደሚቆሙ	እንደተሰራ	እንዲመሰርት	እንዲቀርብላቸው	እንደሚገናኝ	እንዲያዘምቱ	እንዲተኮርበት	እንዲወረስ	እንደተመልካቹ	እንደሚያባብስ	እንገናኛለን	እንዳይባክን	እንደማይቀጥል	እንደሚፋጠን	እንዲጀምር	እንዲያንሠራራ	እንደሸሹ	እንዳያጡ	እንደተቀላቀሉ	እንደተፈጸመባቸው	እንዲዘረጉ	እንደማትሻ	እንደሚሰጡት	እንዲለውጡ	እንዴትነቱን	እንዳሰኘው	እንዳገኙት	እንዳልካቸዉ	እንቅስቃሴዋ	እንዲለውጥ	እንዳይገለጥ	እንደሚመሰለኝ	እንደራቀች	እንመክራለን	እንደምትቀበል	እንዳይተላለፉ	እንዳትሳተፍ	እንደተነገረ	እንዋጋለን	እንደሚያጡ	እንዲያስቡ	እንደማይታይ	እንደሚከብድ	እንደሚያሻው	እንዲገኝለት	እንዳየነዉ	እንሰጋለን	እንዳቀዱ	እንዲበተን	እንደተወሰደ	እንደምታጣ	እንደማይቀበለዉ	እንዳሉና	እንደምታዩት	እንድታሳርፍ	እንዲለዉጡ	እንደሚቀጠፍ	እንደሁሉም	እንደተቀመጠ	እንዲዘምቱ	እንግዶችዋን	እንደታየዉ	እንደቀረበበት	እንዲያራምድ	እንዳጠናቀቀ	እንደሚቆም	እንደጎዳ	እንግባ	እንደሁኔታው	እንውጣ	እንደመራ	እንደሚሸጡ	እንዲያሰፍን	እንቆቅልሹ	እንደምትጫወት	እንደሚመክሩ	እንዳሳዘናቸው	እንዳምና	እንደሚፈጠር	እንዳይታተም	እንዲደግፍ	እንደነዚህ	እንዲስማሙ	እንደሚሸጥ	እንዳለችው	እንዳይኖራቸው	እንዲፋጠን	እንደማትፈልግ	እንከፍላለን	እንዳሉበት	እንከታተላለን	እንዲፈርም	እንደሚጸና	እንደሚፈፅሙ	እንዲሰርዙ	እንደመሳሪያ	እንደዋሉ	በእንደዚህ	እንዳይገቡና	እንደሚገፉ	እንዲያጠናቅቅ	እንደሚኖሩበት	እንዲያወግዝ	እንዳስቻለ	እንዲዋሃዱ	እንዲወጉ	እንደፈቀደ	እንደተፈጸመባቸዉ	እንደተሳተፉበት	እንዲመታ	እንደሚያገኙም	እንደምናውቀው	እንመኝ	እንደራሴዎችም	እንደተደቀነበት	እንደቀሩት	እንዲያሟላ	እንደተመኙት	እንዲሰፋ	እንደሚያዳግት	እንዳይል	እንደምታዉቀዉ	እንዲያመጣ	እንዲያራምዱ	እንደሚወስድም	እንዳይሆንም	እንዳያናጋ	እንደተዘረጋ	እንዲፈስ	እንዳይሰማሩ	እንደሚሆንና	እንዲተዳደር	እንደሚወሰዱ	እንዲወለዱ	እንዲያደራድሩ	እንደሚያሳስበዉ	እንደሚያሳስባቸዉ	እንዲያፀድቅ	እንዲያጋራን	እንድትከፍት	እንደጣለ	እንደኖረችበት	እንዳጋጣሚ	እንደሚያጠናክሩ	እንዲታዩ	እንዴሬባ	እንድትመልስ	እንዳደረገች	እንቆያለን	እንቀንሳለን	እንዲያጋሩን	እንዳለቀበት	እንዲተረጎም	እንደምናገኝ	እንደሚባል	እንደሚከፍል	እንደሚያትተዉ	እንዲያስተዋውቁ	እንዲያዘጋጅ	እንዲሸጥ	እንደምታዉቁት	እንዳለና	እንዲቆምም	እንዳለፈና	እንዲገፉበት	እንዱስትሪዎች	እንዳለባቸዉም	እንስራ	እንደዛም	እንደሚሸፈን	የእንግሊዝና	እንዲያቆሙና	እንደደረሰዉ	እንደሚሰጠው	እንደሚያደርስ	እንዲኖርም	እንደእውነቱ	እንዲሠማሩ	እንዲችሉም	እንዳስገኘ	እንዳያቆለቁል	እንደተጎዱ	እንደተደቀነባቸው	እንደሚይዙ	እንደተቻለ	እንደተደረገበት	እንዳገኛቸው	እንደነበሩበት	እንደሚያሰጋቸው	እንዲበረታታ	እንደሚሰልል	እንደሰሩ	እንደሚፈታ	እንደማይል	እንዲፈረም	እንደሚያጠቃ	እንዘገበዉ	የእንግሊዝኛው	እንዲሠራ	እንደማትሰጥ	እንዲልና	እንደማትችል	እንሰሳትን	እንዳያስቀረዉ	እንደሚያተኩሩ	እንደጠበቁት	እንደበር	እንደተፈፀመባቸዉ	እንዳትሰጥ	እንደሚከሰቱ	እንድታጠናክር	እንዲያከብርና	እንደሚጠሩት	እንዲሸጡ	እንደሚሹም	እንዳልሆነና	እንደወሰነ	እንደማይጠበቅ	እንመኛለን	እንዲታደግ	እንደሚገኙባቸው	እንደታዘቡት	እንዳልተሳካ	እንደለመዱት	እንደሆናቸዉ	እንደተነሳ	እንደሚሄድም	እንፈትሻለን	እንዲያጡ	እንደታዘበችው	እንደማያደርስ	እንደሚኖረውና	እንደአንድ	እንደሚጫወቱ	እንዲተዋወቁ	እንደመሰለ	እንደሚስማሙበት	እንዲያሳዉቁ	እንደሚሳተፍ	እንዳይከሽፍ	እንደሚገልፁት	እንዲያከናውን	እንዲያጠቡ	እንዲያገለግል	እንደሚገኝበት	እንደሚያሳውቁ	እንደሚገኙና	እንዳይሰጡ	እንዲሸጋገር	እንደጠቀሰው	እንዲወድም	እንደሚቀጥልበት	እንደሚያካትት	እንደሚገደዱ	እንድታካሂድ	እንደጣሉ	እንዳይሰራጭ	እንዲያስከብር	እንደሚያጋጥማቸው	እንደተፋጠጡ	እንድትጀምር	እንደሚያስችልም	እንደተቋረጠ	እንዳይደርስበት	እንዲያዋጡ	እንደሚረከቡ	እንደምታዉ	እንደሚቆጠር	እንደሚያቋርጡ	እንዳይቀርብ	እንግዳወርቅ	እንዲጠቅም	እንደሚገድል	እንዲሣካ	እንደምትቆይ	እንዲካተቱ	እንዲሠረዝ	እንደሚቀበሉ	እንመለስ	እንደተናገረዉ	እንደርሳለን	እንዳይዘጋ	እንዲያደርገው	እንደተባለ	እንደተወዛገቡ	እንዲመረጡ	እንደሚጋለጡ	እንደሄዱ	እንደቀነሰ	እንደሚያውቁ	ከእንግሊዘኛ	እንችል	እንደተቀመጠው	እንደሚያሻቸው	እንደሞተ	እንደሚያከብሩት	እንደገለፁትም	እንቀጥልበታለን	እንደፈጸሙ	የእንግዳ	እንደሚገባቸውም	እንዳልደረሰው	እንዲያርፍ	እንደሚሻሻል	እንዳልተደረገ	እንዳሰቡ	እንዳቸዉ	እንደምትወስድ	እንዳይገፉ	እንቃወማለን	እንደዋለ	እንደተጋለጡ	እንመለሳለን	እንደሚያስወጣ	እንዲያቋቁሙ	እንደሚያሳስቡት	እንደጨመረ	እንዲጠና	እንዳለብኝ	እንደሚወስን	እንደሚጠይቁት	እንደምትለግስ	እንደተገለጸዉ	እንኮሳዛና	እንደሚልኩ	እንደሆንም	እንድታስገባ	እንደሚታወቅ	እንዳጀማመሩ	እንዲፈርሱ	እንዳያደርስ	እንዳለችዉ	እንደተደረሰ	እንዳሸነፉ	እንዳመለከቱትም	እንደሚያልፉ	እንዲገለጽ	እንደፈለጉት	እንዲፈራረሙ	እንደራሴዋ	እንደሚችሉና	እንድትዘጋ	እንዲፈናቀሉ	እንደታሰረ	እንደዛ	እንደኛ	እንዲተዉ	እንደኢትዮጵያ	እንሂድ	እንደሚራመድ	እንዳጋባ	እንደሚጠራው	እንዲረጋገጥ	እንዲፈለግለት	እንዲገቱ	እንደምትረዳ	እንደሚችልና	እንደሚወርዱ	እንደሚከፍት	እንዲወያይ	እንደሚመርጥ	የእንግሊዝን	እንቅርት	እንደነገረን	እንደዚያው	እንደፀኑ	እንዲጠቀም	እንደሚያመላክት	እንዳይኖሩ	እንዲወስድም	እንዲፈቱና	እንዲደረግና	እንዲቃወሙ	እንደአስፈላጊነቱ	እንደሚያቆም	እንጦጦ	በእንባ	እንደራደራለን	እንደተከበረ	እንዳስታወቀችው	እንዲሸሹ	እንዳይጎበኙ	እንደተቀበለው	እንደሚደግፉት	እንዱሁም	እንደሚመረምር	እንደፈጀ	እንዲላቀቅ	እንደሚወሰን	እንቅፋቱ	እንደሄደ	እንዳብራሩት	እንቀጥል	እንደሚበልጡ	እንደማይቀርም	እንደተባሉ	እንድሪስ	እንደገመቱት	እንደተገመተው	እንዲያስገኙ	እንዴታ	እንደመሆንዋ	እንደምታስተናግድ	እንዲመረመሩ	እንደሚያሳልፉ	እንዲያወርዱ	እንዲመደብ	እንዲገደሉ	እንደሚደግፍ	የእንቁላል	እንዳይረሱ	እንደሚመራ	እንደማያውቅ	እንዳልቻሉም	እንደሚያጋጥም	እንደተገለጠዉ	እንዲጣራም	እንደታሰበ	እንዳልነበረው	እንደማይበልጥ	እንዳይሻገሩ	እንቃኝ	እንዲመሰርቱ	እንዲያጣ	እንደሚንገላቱ	እንደተወሰዱ	በእንቅስቃሴ	እንዳይታዩ	እንግዶቻቸዉን	እንደሚታሰሩ	እንዲዘልቁ	እንዲሻሻሉ	እንደተፈቱ	እንዲጸና	እንዲነሳሳ	በእንጨት	እንዳይጤስ	እንኳንስ	እንደሚጀምርም	እንማር	እንደሚጠቀሙበት	በእንጦጦ	እንዲዉሉ	እንደሚወድቅ	እንደሚያበቃ	እንዲማር	እንዳይሸጥ	እንዲያበረክቱ	እንደሠራ	እንግጫ	እንደቆሰሉ	እንደሚጠበቅባቸው	እንዳይደረስ	እንደሰጡት	እንደሚያሳዩ	እንዲሠምር	እንዲያካሂዱ	እንደደረሰባት	እንደምታውቀው	እንደማይገባው	እንዲጓዙ	ለእንዲህ	ከእንጨት	እንስሳቱ	እንዳደረሰ	ከእንቅልፍ	እንዲመዘገቡ	እንዲጠናከሩ	እንደሚጫወት	እንዲቃለል	እንዲሰማ	እንደማንችል	እንደማይሳተፍ	እንዲያቋርጡ	እንደተገመተዉ	እንደታየበት	እንዲያነጋግሩ	እንዲሆንና	እንደምታቀርብ	እንዲጨመር	እንደሚታይበት	እንዲያብራራልን	እንደሚጀምሩ	እንደበቁ	እንዲጎለብት	እንከታተል	እንደሚገመተዉ	እንዲገነቡ	እንዲያዳብሩ	እንዳገኘች	እንዲያዉሉ	እንዳጋጠማቸው	እንዲያውቁ	እንደሚያከብር	እንዲሹ	እንደማይፈልግ	እንዲያሳይ	እንዲዘገይ	እንድነት	እንዲከፈቱ	እንደጠቆመዉ	እንዲገፉ	እንደሚረዱ	እንደቆሙ	እንቅስቃሴያቸው	እንዲመቱ	እንደሚታሰሩና	እንደፃፉት	እንዳይኖረው	እንዲላኩ	እንድትጠቀም	እንግሊዝም	እንዘክረዉ	እንዲቀመጥ	እንዳሳየዉ	እንዳልቻለም	እንደተዘጋጁ	እንድታስረክብ	እንደጠቀሰዉ	እንዲመዘገብ	እንደሚቃወም	እንደሚዘገይ	እንዲያሟሉ	እንደራደር	እንደማይመለስ	እንዲያልፍ	እንዲሸጋሸግ	እንደሚጠብቃቸዉ	እንዲባል	እንዳልቀረም	እንዲታገዱ	እንዳያባብስ	እንዳላቸውም	እንቀርባለን	እንዲካፈል	እንደተዘጉ	እንዳይወርድ	እንዲወያዩልን	እንደተቀበሉ	እንዲዘጋጅ	እንዳይጠቀሙ	እንዲያስቆሙ	እንደሚቀበል	እንደተፈራዉ	እንዳያጋጥም	እንግሊዛዉያን	እንዳይሰፍን	እንዲታቀብ	እንደማይቀርብ	እንዲዳብር	እንዲያዉቁ	እንዳሳሰባት	እንዳይወድቁ	እንደሚቀላቀሉ	እንደሚያበረክት	እንዲቀበል	እንዲኖርና	እንደሚታገል	እንሆናለን	እንደሚያደርጉም	እንዲሸመግሉ	እንዲልክ	እንደተነገራቸው	እንዳሳየ	እንደማይኖረው	እንደቆመ	እንደጠላት	እንዳይሰማ	እንዲከናወኑ	እንዲንር	እንዲቀይር	እንደሀገር	እንደተቆጣጠረ	እንዲያስቆም	እንከኖች	እንደሳቸው	ከእንስሳት	እንደሚንቀሳቀሱ	እንደሚታየዉ	እንዳያልፍ	እንዳለባትም	እንደሚወስዱም	እንዳይንቀሳቀሱ	እንዳጋጠማቸዉ	እንዲስፋፉ	እንዳለቀ	እንደማንኛዉም	እንዳይገለፅ	እንደማይኖርበት	እንደተዘጋጀ	እንደማይሆኑ	እንዳሻቸው	እንዲሠፍን	እንደሚያስፈልገን	እንብርት	እንቅስቃሴዋን	እንዳይዉል	በእንግሊዙ	እንደሆነዉ	እንደመሆኗ	እንደመሰከሩት	እንደማይሰጡ	እንዲከሠት	እንዲለዋወጡ	እንዲሻገር	እንደተሰጣቸው	እንደሚቀጥልና	እንዲወሰዱ	እንደሆንን	እንደሌላዉ	እንዲሰጠን	እንዳይገናኙ	እንዳጠያየቀ	እንደሚያስተላልፍ	እንዳስደሰታቸዉ	እንደለቀቁ	እንዳይጣል	እንዳይቀየር	እንዲርቁ	እንጠቀማለን	የእንጨት	እንዲራመድ	እንደሚዳርግ	የእንቅልፍ	እንዳልታወቀ	እንደሚገፉበት	እንዳይፈፀም	እንደሚፈልጉም	እንደሚተርፍ	ከእንግዲሕስ	እንደገለጠው	እንደተገደለ	እንዲደረግለት	እንደመሆኑም	እንክብሎች	እንደተሰጠው	እንደሚያጠቃልል	እንደታሠሩ	እንዲሰረዙ	እንዳወጡ	እንዳይሰራ	እንደሚሳካ	እንዲሰጡት	እንደተሰማቸው	እንዲት	እንዳይፈጥር	እንዳተተው	እንዲፈፀም	እንደሚነሳ	እንደምታውቁት	እንቅስቃሴውን	እንድትቀበል	እንይ	እንደሚያቆለቁል	እንስሳትም	እንደምታገኝ	እንዳወሳነው	እንደሚሰማቸው	እንዲፈቱም	እንቅብ	እንዳሳዘናቸዉ	እንቡጥ	ለእንግልት	እንዲጠነክር	እንደፈለገ	እንደተመረጡ	እንደሚታዩ	እንደሚነገረው	እንደሚመለሱ	እንደተፈጸመ	እንደገደለ	እንዲወስኑ	እንዲተከል	እንዳይጣራ	እንድትፈታ	እንደተመለሱ	እንዲያበቁ	እንደማያደርግ	እንሰራለን	እንዚህ	እንዲያስወግዱ	እንዳላቸዉም	እንዲካፈሉ	እንደራሴዎችና	እንዲወልዱ	እንደሚኖርባት	እንገምታለን	እንደአዲስ	እንዳብራራው	እንደሚዳረጉ	እንዳያደርግ	እንዲደራደር	እንዳስጠበቀ	እንደርስበታለን	እንዲያፈሱ	እንደፈጠረ	እንዲጋሩ	እንደሚያስታውሱት	እንደተዳረጉ	እንድታቋርጥ	እንዳይባሉ	እንደማይገኝ	እንደሚያሣየው	እንዲያስረክብ	እንዲፈልግ	እንደምትልክ	እንደሚያጠራጥር	እንደሚገጥማቸው	እንዳይጠቅስ	እንዲያፈላልግ	እንዲመራ	እንደሚሰጥም	እንደሚሞክሩ	እንደገለፀልን	እንዲያሳልፍ	እንደሚፈጥር	እንደነርሱ	እንግዳቸዉን	እንደሚደረገው	እንደሌለም	እንደሚያምኑ	እንዳይጨምር	እንዲናገሩ	እንደተጠበቀ	እንዲያደርጉም	እንደሚባለዉ	እንዲሆንም	እንዳልሆነም	እንደማይለቁ	እንዲጠብቁ	እንዳከራከረ	እንደሚነጋገር	እንዳልነው	እንደተነሱ	እንደነበራቸው	እንደሚመርጡ	እንዳይካሄድ	እንዲደረግላቸው	እንደምትጥር	እንወስዳለን	እንዳጠራጠረ	እንደምትጀምር	እንዲዛወሩ	እንዳልቀረች	እንዲቋቋሙ	እንዳይችል	እንደሚያስፈልግም	እንዳለዉም	እንዲቆጣጠሩ	እንደሚፈቱ	እንዲመለከቱ	እንዳይውል	እንደሚወያይ	እንደሚጎዳ	እንዳይሳተፍ	እንደማይቀሩ	እንደደረሰባቸዉ	እንዲረዱ	እንደፈለጉ	እንዳሳሰባቸዉ	እንዲቀየሩ	እንዳስቆጠረ	እንክብካቤና	እንዲጥር	እንግዳውን	እንዲሰፍሩ	እንዳቀደ	እንኩዋን	እንነጋገራለን	እንደው	እንደሚጠብቁ	እንዳላትም	እንደተገለጠው	እንደሚ	እንደጀመሩ	እንደጨረሱ	እንደሚሠራ	እንደሚያሳስበው	እንደሻው	እንደምገኙ	እንዳላገኙ	እንደሚያስወግድ	እንዳስከተለ	እንደሚያመለክት	እንዳይጎዳ	እንደጠበቁ	እንዳያመራ	እንደተካሄደ	እንጥራለን	እንደቀረ	እንደሆኑት	እንደሚሻል	እንዲበጅ	እንዳሰቡት	እንደወጣ	እንዲፈቅድ	እንደማትቀበል	እንዲመሠርቱ	እንደልቡ	እንደወትሮው	እንደሚዘልቅ	እንደሚሉ	እንዲሰማራ	እንደታየ	እንደተፈራው	እንድትመለስ	እንዲያሻሽሉ	እንደቀልድ	እንዲከሰት	እንዲያውሉት	እንደከዚሕ	እንዳልነበረች	እንዲያሻሽል	እንዲያሳውቁ	እንደዘገባዎቹ	እንደሚያሻ	እንመለስበታለን	እንዳላዩ	እንዲያብራሩልን	እንዲያፈላልጉ	እንደተፈፀመ	እንደተጠቀሰዉ	እንደሚያጣ	እንዳልካቸው	እንደተጠበቀዉ	እንደሚመለከቱት	እንደሚፈጸም	እንደወደቀ	እንደሳበ	እንዲ	እንደዘበት	እንደየ	እንድታከብር	እንደገለጸልን	እንድታቀርብ	እንነጋገር	እንዲያንሰራራ	እንደሚያከብሩ	እንኩሩንዚዛ	እንደሚከበር	እንደሚገባት	እንዲገፋ	እንደሚያወጣ	እንዳሳሰበዉ	እንደሚያሳስባቸው	እንግሊዝና	እንዲያጫዉቱን	እንድትገባ	እንቆቅልሹን	እንዳሉትም	እንዲጸድቅ	እንዳይሳተፉ	እንዲነሣ	እንደገጠማቸው	እንዲመረመር	እንደተሰማዉ	እንዲያስተካክሉ	እንዳይደርሱ	እንዳይቀጥል	እንደሚጠበቅባት	እንድንችል	እንደቆዩ	እንዳሳዩት	እንዳሳሰባቸው	እንዲያስገኝ	እንዳይበልጥ	እንደሚኖራቸው	እንዳጡ	እንወዳለን	እንፋሎት	እንደሚያመራ	እንዲገነባ	እንዳያገኝ	እንደሚጓዙ	እንደሌሎች	እንደሚያደርግም	እንደማምነዉ	እንደሚልክ	እንዲያከናውኑ	እንደሚፈጅ	እንዲዘጋጁ	እንዲጠናቀቅ	እንደተለመደዉ	እንዲያሳድጉ	እንደሚደርሱ	እንዳይባል	እንዲንቀሳቀስ	እንደሆነበት	እንደሚቀጥልም	እንደበፊቱ	እንስቶች	እንደሚጣል	እንደምትሻ	እንቅስቃሴው	እንዲመረጥ	እንዳልነበሩ	እንቁጣጣሽ	እንደሚያስችል	እንደሚኖራት	እንዲያካሂድ	እንዲነቃቃ	እንዲነጋገሩ	እንዲጠይቁ	እንዲደረግበት	እንዳሏት	እንደሚያስፈልጋቸዉ	እንዲደግፉ	እንደሚመጡ	እንዲያጤኑ	እንዲከፋፈሉ	እንደሚታገሉ	እንደተጠናቀቀ	እንዲከላከል	እንጀምራለን	እንጃ	እንዲያደርግም	እንክብል	እንደጠቀሱት	እንደማይገኙ	እንዲያገግም	እንዲፈጥሩ	እንደሚበቃ	እንደማይፈልጉ	እንዲንቀሳቀሱ	እንዲመርጡ	እንድትሰጥ	እንዳይወድቅ	እንዲከፈል	እንቆይ	እንዲያተኩሩ	እንደሚጠቀሙ	እንዳወዛገበ	እንዳላየ	እንደጸና	እንደሚሰጣቸው	እንረዳለን	እንዲከፍት	እንመልከት	እንደማይወዳደሩ	እንደሚዘጋ	እንደሚያካሂድ	እንደሚወያዩ	እንኻ	እንዲታወቅ	እንድታስወጣ	እንዲከታተል	እንደራሴና	እንደሚሰማው	እንዲቀርብለት	እንዳይደለ	እንደራሴዎቹን	እንዲወሰን	እንስማ	እንዲያውሉ	እንድትሳተፍ	እንዲቆጠቡ	እንዲቀንሱ	እንዲበቁ	እንደደረሰበት	እንዳለባቸውም	እንዲጥል	እንደነበረና	እንደደረሰው	እንዲቀይሩ	እንዲተኩ	እንኪያ	እንዳጠናቀቁ	እንደሰጠ	እንደደመቀ	እንዲያካፍሉን	እንግዳዉን	እንዳለች	እንዲደራደሩ	እንዲፈልጉ	እንደወትሮዉ	እንዳይታይ	እንዲከናወን	እንዲያድጉ	እንዲሳተፍ	እንዳይከተል	እንደሚለዉም	እንድትይዝ	እንዲሰራ	እንዳያደርጉ	እንዲፈጸም	እንደማይቀበለው	እንደማስበዉ	እንዲዳረስ	እንስሳ	እንደማያገኙ	እንድትወስድ	እንዲገዙ	እንድትቆይ	እንዲያጣራ	እንዲያከትም	እንደነበርና	እንደተባለዉ	እንደሚመጣ	እንደነበሩም	እንዲዘልቅ	እንድትከፍል	እንዲዘምት	እንዳይቀሩ	እንዳለን	እንዲሄድ	እንዲገናኙ	እንደሚያስፈልጋት	እንዲሰጠዉ	እንደሚቆይ	እንዲያስረዱን	እንደሚያመላክተው	እንደሚደርስባቸው	እንደሚመለከት	እንደምክንያት	እንደተሰማው	እንደሚቀርብ	እንድምታ	እንወጣዋለን	እንደቻሉ	እንደሚንቀሳቀስ	እንድታስተናግድ	እንዳደረገ	እንደፀና	እንደገለጸዉ	እንዳልተቻለ	እንደግፋለን	እንደምትለዉ	እንደሚወጡ	እንደገጠመው	እንዲፀና	እንዳይቀርቡ	እንዲያስገቡ	እንዲያዝ	እንደነበራቸዉ	እንደሚሆነዉ	እንዲያጠኑ	እንዳልሆነች	እንኑር	እንዲከተል	እንደሚከሰት	እንደድርጅቱ	እንዲተባበሩ	እንደተደረገ	እንዲሠፍሩ	እንደሚፈለገው	እንደተከሰተ	እንደሚደረገዉ	እንዲስተካከል	እንዲያወጡ	እንደሚቆዩ	እንዳይጠፋ	እንዳረጋገጡት	እንቀበላለን	እንዲወገዱ	እንደሚሻ	እንደሚጠብቃቸው	እንደሚያደርገዉ	እንሻለን	እንደሚሞቱ	እንጀምር	እንደተናገረው	እንደጠበቀ	እንሄዳለን	እንዳደረጉ	እንደማይሰጥ	እንደሚቀር	እንደሌሎቹ	እንደእሳቸዉ	እንደሚያሸንፍ	እንደሚፈፀም	እንደተገኘ	እንደተመለከተው	እንሻገርና	እንሰጣለን	እንደሚጠናቀቅ	እንዳይደረግ	እንዲያሳዩ	እንደምትወጣ	እንዲጠብቅ	እንደሚኖረዉ	እንደወጡ	እንደኾነ	እንዳይኖር	እንዲቆጠብ	እንዲያጠናክር	እንደሚያደርጉት	እንቅፋቶች	እንደሚያካሂዱ	እንደሚይዝ	እንደነበረበት	እንደሚኖርባቸዉ	እንዳያጣ	እንደሚነጋገሩ	እንግድነት	እንዳይሰጥ	የእንፋሎት	እንደሚያድግ	እንዲተላለፍ	እንዲጠቀሙበት	እንዲውሉ	እንዲቀመጡ	እንዲሰጣቸዉ	እንዲያነሳ	እንዲዛወር	እንገኛለን	እንደጠቆመው	እንዲያድግ	እንዲማሩ	እንግሊዝኛና	እንዲቀላቀሉ	እንብዛም	እንደሚዉል	እንደሚያልፍ	እንዲሰጣት	እንደሚወሰድ	እንዳይጥል	እንደሚጠጋ	እንደተገኙ	እንደተነገረዉ	እንደሚያተኩር	እንዳስረዳው	እንዲያገለግሉ	እንዲሰፍር	እንዳገኙ	እንዲወስን	እንደምትቀጥል	እንዲያዉ	እንደዘገበልን	እንደማይቀበል	እንደሚያጠናክር	እንዲባባስ	እንግሊዛዊ	እንደሆኑም	እንዳነጋገረ	እንዳይዛመት	እንደሚገኝም	እንዲታሰብ	እንደሌላት	እንድትቀጥል	እንደሚጎበኙ	እንደሚያቀርብ	እንደማያውቁ	እንደሚከናወን	እንቅስቃሴዉን	በእንዱስትሪ	እንደተያዙ	እንደሚሠሩ	እንዲበቃ	እንዲጀምሩ	እንዲከፍል	እንጋብዛለን	እንደቆየ	እንደዉ	እንዲያወጣ	እንዲወጋ	እንዳይባባስ	እንደሚያስፈልገው	እንደቀጠለች	እንደሚኖርባቸው	እንዲከተሉ	እንዲጠበቁ	እንደያዘች	እንደሚገቡ	እንዳይወጣ	እንዲያጠናክሩ	እንድሁም	እንዲደረስ	እንዲጠፋ	እንቁ	እንዳሉም	እንደሚቻልም	እንዲመሰረት	እንዳልኩት	እንዳያገኙ	እንዳለበትም	እንደጀመረ	እንደማይቀበሉት	እንደሚጥር	እንደታቀደው	እንደገለፀው	እንግሊዝን	እንዳልነበር	እንደሚያሸንፉ	እንዲያስረክቡ	እንደሰሙ	እንደተነገረው	እንዲተካ	እንዳባቶቻችን	እንዳለብን	እንደሚቀንስ	እንዲሰጥበት	እንደሚሰሩ	እንዲከላከሉ	እንዲፈርስ	እንዲታሰሩ	እንዳይነሳ	እንዳይጓዙ	እንዲመረምር	በእንቅርት	እንደሚከታተል	እንዲደገም	እንዲያዙ	እንደሚደግፉ	እንደሚከተል	እንደዛሬው	እንዲፈርሙ	እንደኔ	እንዲቋረጥ	እንደመሆናቸው	በእንግሊዝና	እንዳይፈጠር	እንዲጎበኙ	እንደነበረች	በእንግሊዝኛው	እንዴትስ	እንዴትና	እንደሚወጣ	እንደሚያስገነዝበው	እንዲከፈት	እንዲከበሩ	እንደሚገባዉ	እንደተገለጸው	እንዳገኘ	እንዲጠቀሙ	እንደገለጡት	እንደሚቀርቡ	እንደራሴዎችን	እንዲያነሱ	እንደማይታወቅ	እንዲባረሩ	እንዲሰናበቱ	እንደሚያስገኝ	እንደማንኛውም	እንዲያስችል	እንደመጡ	እንደሞቱ	እንደምንችል	እንዲያተኩር	እንዳይቀር	እንደምንም	እንድምታዉ	እንደሚያደርገው	እንዲሰረዝ	እንዲላክ	እንደሚጠይቅ	እንግሊዛዊው	እንደሚያቀርቡ	እንዳይገለጽ	እንደሚያስከትል	እንዲሰማሩ	እንደሚሄዱ	እንደሚሳተፉ	እንዲረዳ	እንደገለፁልን	እንደዘገበችዉ	እንደሚገምተው	እንዳይስፋፋ	እንሰማለን	እንደራሴዎቹ	እንዲቀር	እንደሚጠቅም	እንደሚያስፈልገዉ	እንዳሳሰበው	እንዲሰደዱ	እንዲህም	እንዲያው	እንዲጠራ	እንዳስሳለን	እንደተገደሉ	እንዲዉል	እንደተጀመረ	የእንወያይ	እንዳይመጡ	እንዴ	እንደዚያ	እንስሳትን	እንደሚለቁ	እንዲኖራቸዉ	እንዳላገኘ	እንደሌለበት	እንዲወርድ	በእንስሳት	እንሞክራለን	እንዲለቅ	እንደደረሰባቸው	እንደሚሰራ	እንዲኖረዉ	እንደታዘበዉ	እንዳትሆን	እንዲሰጡን	እንዳይሄዱ	እንዲመጡ	እንዳይከሰት	እንዲከታተሉ	እንደሆነው	እንዲፈለግ	እንደሚጀምር	እንዲወያዩ	እንድትችል	እንደሚችሉም	እንደገለፀዉ	እንደማይኖር	እንዲይዝ	እንደሚጥል	እንደቻለ	እንደሚጀመር	እንዳሳየው	እንዲሠሩ	እንቅስቃሴዉ	እንዲኖራት	እንዲለቀቅ	እንደርሳቸው	እንደሚወስዱ	እንመለከታለን	እንዲመሠረት	እንደሚሹ	እንቅስቃሴም	እንዳይንቀሳቀስ	እንቅስቃሴን	እንዲቀጡ	እንደሚታወቀዉ	እንደሚያስረዳው	እንላለን	እንደገባ	እንደሚያሳይ	እንቅስቃሴና	እንደምትሆን	እንደዚሁ	እንዲታቀቡ	እንግሊዞች	እንስት	እንደጠፋ	እንዳለፉት	እንደደረሱ	እንዲዘጋ	እንዳለውም	እንደዚሁም	እንዲይዙ	እንድ	እንደተገለፀው	እንደምትፈልግ	እንደማይቀበሉ	እንደሚውል	እንግዶቻችን	እንደሚቀጥሉ	እንዲሄዱ	እንዲጥሩ	እንደሚያሳዩት	እን	እንደሚኖርበት	የእንኳን	እንቅሥቃሤ	እንዳይወጡ	እንደሚገባቸው	የእንግሊዘኛ	እንዲመሩ	እንደሚገባም	እንደማይሳተፉ	እንቅስቃሴዎችን	እንደሌላቸዉ	እንደሚወዳደሩ	እንደምሳሌ	እንዲለወጥ	እንደታሰበዉ	እንዲመጣ	እንዲሳካ	እንዲነሱ	እንደጠቀስነው	እንደዋዛ	እንደማስበው	እንደሚበጅ	እንግልትና	እንደገቡ	እንቅልፍ	እንስሳትና	እንደሚበልጥ	እንዲያከብሩ	እንደሚገኙም	እንዲነሳ	እንዳበቃ	እንደሚታይ	እንዳይሄድ	እንደሚኖሩ	እንደሚያገኝ	እንዲሰሩ	እንጠብቃለን	እንዳልቻለ	እንዲቀየር	እንቁላል	እንደሚያስፈልጋቸው	እንደቀድሞው	እንዲገኙ	እንቢኝ	እንደዘገበችው	እንዲወገድ	እንዲቆይ	እንደተባለው	እንዲቀበሉ	እንጨት	እንዳለባት	በእንግሊዝኛዉ	እንዳስገነዘቡት	በእንግድነት	እንዳለባቸዉ	እንደሚጨምር	እንዲጠበቅ	እንዳይሆኑ	እንዲጣል	እንዲታገድ	እንደሚገኙበት	እንደሚጥሩ	እንዲያከብር	እንዳልሆኑ	እንዲያቀርቡ	እንደምትለው	እንዲወዳደሩ	እንደነበረዉ	እንዲቆሙ	እንደሚያሳየዉ	እንደሚገምቱት	እንዳልቻሉ	እንደሚባለው	እንዳደረጉት	እንድታገኝ	እንዳደረገዉ	እንደሌለዉ	እንደማይቻል	እንጀራ	እንዳለፈው	እንዲሰጠው	እንመለስና	እንደሚል	እንደልብ	እንደታሰሩ	እንዳሁኑ	እንጠይቃለን	እንዲገታ	እንደዘገባዉ	እንደሚኖር	እንዲወስድ	እንዲቀጥሉ	እንደማይገባ	እንዲጠቀስ	እንዲመለስ	እንደሚጠበቅ	እንዲከፍሉ	ከእንግሊዝ	እንዲደርስ	እንዳይደርስ	የእንግሊዙ	እንዳደረገው	እንዲከፍቱ	እንባ	እንድታቆም	እንደሆነና	እንዲዘጉ	እንዲገባ	እንደተሰማ	እንሆ	እንደመጣ	እንድያም	እንደነበረም	እንድታደርግ	እንግሊዝኛ	እንደማይችሉ	እንዲኖሩ	እንደምትሰጥ	እንደሚሉትም	እንደገለጸው	እንደምታደርግ	እንቀጥላለን	እንዳለም	እንደተጠቀሰው	እንዲቀርብ	እንዲቆዩ	እንዳልነበረ	እንደሚሄድ	እንግዶችን	እንዲደርሱ	እንደሚናገሩት	እንዲሉ	እንዲችል	እንደሚወስድ	እንዲያቆሙ	እንደሚሰጡ	እንዳያስከትል	እንደሁ	እንደሚሆንም	እንዲወርዱ	እንደሚያመለክተዉ	እንደሚረዳ	እንግሊዘኛ	እንደሚያመለክተው	እንደሚያገኙ	እንደሌላቸው	እንዲቻል	እንደሚፈልግ	እንዲስፋፋ	እንዲቀንስ	እንዲኖራቸው	እንዲሰጣቸው	እንበልና	እንደጠቆሙት	እንደውም	እንደሌለው	እንደታሰበው	እንዲያ	እንዱስትሪ	እንዲራዘም	እንዲገኝ	እንደማለት	እንደደረሰ	እንደሚያምኑት	እንደነበርም	እንዲቀነስ	እንደሚታወሰው	እንዲጀመር	እንዳዲስ	እንዲያበቃ	የእንግሊዝኛ	እንዲጨምር	እንዲያዉም	የእንስሳት	እንዲያቀርብ	እንዲኖረው	እንዳመለከተዉ	እንዲሳተፉ	እንደተጠበቀው	እንደሚያሳየው	እንዲፈጠር	እንዳይገባ	እንቆቅልሽ	እንደምትገኝ	እንደሚያስገነዝቡት	እንዲታይ	እንዲቋቋም	እንዲለቀቁ	እንዳልቀሩ	እንዳመለከቱት	እንድትወጣ	እንደሚጠቁመው	እንድትሆን	እንዲጣራ	እንዲወስዱ	እንዳይደገም	እንጀምርና	እንደታየው	እንዲያቆም	እንደምትችል	እንዲወሰድ	እንደሚደረግ	እንደሚካሄድ	እንደዚህ	እንጠይቅ	እንዲጠናከር	እንደሚገባው	እንደሚታየው	እንክብካቤ	እንወያይ	እንደሚያመለክቱት	ከእንግዲሕ	እንዲፈታ	እንዲውል	እንከን	እንደዘገቡት	እንዳላቸዉ	እንደነበረው	እንዲቀርቡ	እንደሚኖረው	እንደሚጠቁሙት	እንዲሻሻል	እንደያዘ	እንደሚመስል	እንቅሥቃሴ	እንዲሰጡ	እንደሚያስረዱት	እንደተለመደው	እንደቀጠሉ	እንደያዙ	እንዲሕ	እንደሆነች	እንዲወጣ	እንደዉም	እንደሚሆኑ	እንዲገቡ	እንደሚከተለዉ	እንደሚችልም	እንደማይሆን	እንዲሰፍን	እንደሚደርስ	እንደማይችል	እንዳይጠቀስ	እንዲል	እንደነገሩት	እንግዳችን	እንደመሆኑ	እንደሚፈልጉ	እንዳይሆን	እንቅስቃሴዎች	እንደሚታወቀው	እንደሚያስፈልግ	እንዲችሉ	እንዳለባቸው	እንደሚያደርግ	እንበል	እንደሚያደርጉ	እንደሚሰጥ	እንዳላት	እንግሊዝ	እንዲኖር	እንዲያደርግ	በእንግሊዘኛ	እንፈልጋለን	እንዳመለከተው	እንዳላቸው	እንጅ	በእንግሊዘኛው	እንዴትነት	እንደሆን	እንዲለቁ	እንችላለን	እንዲከበር	እንዲቆም	እንዲያገኝ	በእንዲህ	እንደሚመስለኝ	እንዳይገቡ	እንደራሴ	እንቅፋት	እንግልት	እንዲሆኑ	እንዲቀጥል	እንደሚቀጥል	እንግዶች	እንስሳት	እንደምን	እንቃኛለን	እንዳልቀረ	እንዲያገኙ	እንዲመለሱ	እንደሚቻል	ከእንግዲህ	የእንግሊዝ	እንደሆነም	እንደሌለ	እንዲካሄድ	እንደዘገበዉ	እንደነበሩ	እንዲፈቱ	እንደገለፁት	እንደማይቀር	እንዳስታወቀዉ	እንደገለጹት	እንዲያደርጉ	እንዲደረግ	እንደሚገባ	እንዳስረዱት	እንዲሰጥ	እንዲወጡ	እንግዳ	እንደዘገበው	እንዳለዉ	እንደሚገኝ	እንዳልሆነ	እንደሚከተለው	እንዳስታወቀው	እንደሆኑ	በእንግሊዝኛ	እንዲያም	እንደሚችሉ	እንደራሴዎች	እንደሚገኙ	እንዳሉ	እንዳለበት	በእንግሊዝ	እንደሚለው	እንዳለው	እንዲያውም	እንደተናገሩት	እንደነበረ	እንዳስታወቁት	እንደሚለዉ	እንዲሆን	እንደቀጠለ	እንዳለ	እንግዳዉ	እንግዳው	እንግዲህ	እንደሚሆን	እንዲሁ	እንደነበር	እንኳ	እንቅስቃሴ	እንኳን	እንደሚችል	እንዳሉት	እንደገና	እንዲህ	እንዴት	እንደሆነ	እንጂ	እንደሚሉት	እንዲሁም	እንደ
እሽ	U+12A5 U+123D	እሽቫርስቫልድ	እሽታይነር	በእሽቱትጋርት	የኖይሽቫንእሽታይንን	እሽቅድድሙ	እሽቅድድምም	እሽቅድድሞች	እሽታይንማየርን	እሽቅድድሙን	እሽቱትጋርት	እሽታይንማየር	እሽቅድምድም	እሽቅድድም
ኩኹ	U+12A9 U+12B9	
ኪች	U+12AA U+127D	
ኪጭ	U+12AA U+132D	
ኪና	U+12AA U+1293	ለመኪና	ማራኪና	መኪናም	መኪናዉን	በቡርኪናፋሶ	ከቡርኪናፋሶ	መኪናዎቹ	መኪናውን	መኪናዎችና	መኪናው	የቡርኪናፋሶ	ኪባኪና	ከቡርኪና	ከመኪና	ቡርኪናፋሶ	መኪናዎችን	በቡርኪና	መኪናዎች	ቡርኪና	የቡርኪና	በመኪና	የመኪና	መኪና
ኪን	U+12AA U+1295	የኪንሻ	እምቤኪን	ኪንያዊ	ምቤኪን	ማኪንቶሽ	ኪንግስተን	ኪንግስ	ሃኪንግ	ኪንካርትስ	ከኪንሻሳ	ኪንታሮት	ዊኪንዴ	ባንኪንግ	ቹርኪን	ምስኪን	ኪባኪን	በፔኪንግ	ኪንግደም	ፔኪንግ	የኪንሻሳ	በኪንሻሳ	ኪንግ	ኪንሻሳ
ኪተ	U+12AA U+1270	
ኪቱ	U+12AA U+1271	
ኪቲ	U+12AA U+1272	ኪቲ
ኪቴ	U+12AA U+1274	
ኪት	U+12AA U+1275	ኪትዋራ
ኪቶ	U+12AA U+1276	
ኪጥ	U+12AA U+1325	
ኪዊ	U+12AA U+12CA	
ኹደ	U+12B9 U+12F0	
ኹኢ	U+12B9 U+12A2	
ኹኣ	U+12B9 U+12A3	
ኺት	U+12BA U+1275	
ኾኢ	U+12BE U+12A2	
ዉኻ	U+12C9 U+12BB	
ዉን	U+12C9 U+1295	የቀሰቀሰዉን	ያለቻቸዉን	በአላቸዉን	ኤርትራዉን	መጣላቸዉን	ብቃታቸዉን	ሥርዓታቸዉን	ድግሳቸዉን	አላማቸዉን	መዉሰዳቸዉን	ያሰሯቸዉን	የፈፀመዉን	ያካተተዉን	የሚቆጠረዉን	ያሸበረዉን	እንደሚያከናዉን	የተንሰራፋዉን	የሚያስተናብረዉን	ደረጃቸዉን	ፀጥታቸዉን	የምታደርሰዉን	ያሳደረዉን	መልዕክቶቻቸዉን	የተነገረዉን	የጎርጎሮሳዊዉን	ደብዳቤያቸዉን	መታገታቸዉን	የተፈረመዉን	ያሰባሰበዉን	የገጠመችዉን	መቀመጫቸዉን	ግጥሞቻቸዉን	የዩኒቨርስቲዉን	ዉኃዉን	ዲያስፖራዉን	የሚላከዉን	አሸናፊነታቸዉን	ያዘጋጀችዉን	በራሳቸዉን	መታሰራቸዉንና	የተሐዋሲዉን	ወዳጃቸዉን	የተቃዋሚዉን	እዉንነት	ዓይናቸዉን	መጋዛቸዉን	ያስተላለፈዉን	መጠየቃቸዉን	አኗኗራቸዉን	ያሰለፈዉን	ብራዉንን	ያሻዉን	ተሐዋሲዉን	ባንዲራዉን	የሚመስለዉን	የስብሰባዉን	ቀዝቃዛዉን	አድናቆታቸዉን	መጠለያዉን	ድርድራቸዉን	ሥልታቸዉን	የሚቀጥለዉን	ያፈራዉን	መግለጫቸዉን	አጥባቂዉን	ሃላፊነታቸዉን	የአሮጌዉን	ያገታቸዉን	መጠቀማቸዉን	ግዜዉን	የፀደቀዉን	የዜጎቻቸዉን	ያልሆነዉን	የወደመችዉን	የቡናዉን	የሚተካዉን	የተመዘገበዉን	ፍላጎታቸዉን	መንገዳቸዉን	የመረጃዉን	መሳርያዉን	ንዋያቸዉን	የተካረረዉን	አለቃቸዉን	የነገዉን	የትኛዉንም	ጎዳናዉን	መላካቸዉን	የሚያደርጋቸዉን	የአዉሮጳዉን	ግብዣዉን	አዉዳሚዉን	መተካታቸዉን	የመላዉን	ሥራዎቻቸዉን	እምነታቸዉን	መመረቃቸዉን	ፕሬዝደንታቸዉን	ልካቸዉን	ፍቃዳቸዉን	የሰጠችዉን	መገደላቸዉንና	የሚወጣዉን	ዉሎዉን	ቃጠሎዉን	ተሸላሚዉን	የስደተኛዉን	ሰፊዉን	ወዳጅነታቸዉን	ኃዘናቸዉን	ተጋጣሚዎቻቸዉን	የተደነገገዉን	ቀዳሚዎቻቸዉን	የድብደባዉን	አለቆቻቸዉን	የፀጥታዉን	መሾማቸዉን	ያጋጣማቸዉን	ሥልካቸዉን	ያደረግነዉን	መግደላቸዉን	ሃይማኖታቸዉን	የቆየችዉን	አካላቸዉን	ማየታቸዉን	ያሰባሰባቸዉን	እድላቸዉን	የሁለተኛዉን	አሜሪካዉን	የሚያልፈዉን	ሃዘናቸዉን	የሚፈራዉን	የማታዉቀዉን	ብርሃናቸዉን	የተሰየመዉን	የምትላቸዉን	ሲመታቸዉን	መደገፋቸዉን	የተቻላቸዉን	ፈረንሳዊዉን	የሚወሰደዉን	የሚጋለጠዉን	ዓመታዊዉን	የተወሰደዉን	አዛዉንትም	ተቀናቃኛቸዉን	መኪናዉን	ያለባቸዉን	የዜጋዉን	የፈረሰችዉን	መመዝገባቸዉን	ማብራሪያዉን	የቀረበባቸዉን	የብጤዎቻቸዉን	የተያያዘዉን	የደነገገዉን	መሠረታዊዉን	መነሻቸዉን	የምንሰጠዉን	ማቋረጣቸዉን	የብሪታንያዉን	የሚያበቃቸዉን	ያደቀቀዉን	አፍሪቃዉን	ነዋሪዉን	የዶሐዉን	ታዉን	የፃፈችዉን	ሥፍራዉን	አፋቸዉን	መደብደባቸዉን	መጎብኘታቸዉን	መልዕክታቸዉን	ጌታቸዉን	ፍሪታዉን	አለመቻላቸዉን	የዘራዉን	አሳይተዉን	ከተማዉን	የሚከታተለዉን	የአንደኛዉን	መወያየታቸዉን	የተላበሰዉን	ጉልበታቸዉን	ኛዉን	የበለፀገችዉን	ያረቀቀዉን	አስተያየተቸዉን	አመራራቸዉን	ፍተሻዉን	የሚተርከዉን	የአቅማቸዉን	የሚያዋስነዉን	ትዝታቸዉን	የታዋቂዉን	ትምርታቸዉን	መሪዎቻቸዉን	የጻፈዉን	መፈጸማቸዉን	ኤምባሲዎቻቸዉን	የታገደዉን	የሞከረዉን	ፍቅራቸዉን	ዓላማቸዉን	መከራዉን	ዳራዉን	ሐላፊዉን	ሚንስትራቸዉን	የከፈተዉን	የአባታቸዉን	ሠልፋቸዉን	ያጠናቀረችዉን	የምትታወቀዉን	የሚሰቃየዉን	መሰማራታቸዉን	የብዙዉን	የሚበጀዉን	ማስጠንቀቂያዉን	ግዛታቸዉን	ትዳራቸዉን	ችሎታቸዉን	ዲግሪዉን	የተረቀቀዉን	የሚያገረሸዉን	እዉቀታቸዉን	የሚያስፈልጓቸዉን	የኩባንያዉን	አንዳርጋቸዉን	ያፋሰሰዉን	የያዛቸዉን	የገዢዉን	ማክሸፋቸዉን	ሕንፃዉን	ሰላማዊዉን	መሳተፋቸዉን	መጓዛቸዉን	መቸገራቸዉን	የቀረዉን	ድምጻቸዉን	የተቃዉሞዉን	መፍትሄዉን	ገበያቸዉን	የሚዉለዉን	የምትገኘዉን	ሠላማዊዉን	ተባባሪዎቻቸዉን	ዉጤታቸዉን	የሚያገኘዉን	የተሰኘችዉን	የታለመዉን	የተሰማዉን	መጠቆማቸዉን	ምዕራባዉን	ዉድድራቸዉን	ድንበራቸዉን	የሚፈሰዉን	ዘመዶቻቸዉን	የሚሄደዉን	የተጠናቀቀዉን	ነፍሳቸዉን	መቆጣጠራቸዉን	የምትመራዉን	ተቃዉሞአቸዉን	አድማዉን	ነፃነታቸዉን	የሚያቀርበዉን	ዕቅዳቸዉን	የወሰነዉን	ምክንያታቸዉን	ዜናዉን	የጠረጠራቸዉን	መድፈራቸዉን	ያወጀዉን	አባላቶቻቸዉን	ዝግጁነታቸዉን	ቦታቸዉን	ዘመናዊዉን	የሕዝባቸዉን	መንበራቸዉን	ሠልፈኛዉን	መኖሪያቸዉን	ምክትላቸዉን	ንግግራቸዉን	የተፈላዉን	ዉዝግባቸዉን	ዉይይታቸዉን	አዛዉንቶች	የሚጠበቀዉን	ቁጣቸዉን	የአደጋዉን	የሚፈጸመዉን	ሌለኛዉን	የምትለዉን	የሚያግደዉን	ጊዜዉን	የሚረዳዉን	ጨዋታዉን	የዘመዶቻቸዉን	መሄዳቸዉን	ተልኮዉን	የሚያዉቀዉን	ያነሷቸዉን	ዙርያዉን	መምረጣቸዉን	ማስታወቃቸዉን	የተነደፈዉን	የከረመዉን	የሚመራዉን	የተጠየቀዉን	የሚከለክለዉን	የተባለችዉን	መሆናቸዉንና	ጀበናዉን	ሴራዉን	አፀፋዉን	ምስክርነታቸዉን	የሚያወድመዉን	የተከፈተዉን	አባታቸዉን	ጥርጣሬዉን	ሙከራዉን	ደራሲዉን	ዘመናቸዉን	መሳሪያዉን	ማሰራቸዉን	ኑሮአቸዉን	ዘዴዉን	አዛዉንቷ	ሐሳባቸዉን	ችግሮቻቸዉን	ህክምናዉን	ማረፋቸዉን	ግጥሚያዉን	የተዘረጋዉን	መሞታቸዉንም	አይናቸዉን	የባለቤታቸዉን	በራቸዉን	ጥረታቸዉን	የድርጅታቸዉን	መፈናቀላቸዉን	የፈለገዉን	ትችታቸዉን	ይዞታቸዉን	የተባባሰዉን	የተቀጣጠለዉን	የዉሳኔዉን	ማጣታቸዉን	የሀገራቸዉን	ኃይላቸዉን	ተሞክሮአቸዉን	መንግሥታቸዉን	የተከናወነዉን	ዉጊያዉን	የጠረጠረዉን	መባረራቸዉን	አቤቱታዉን	ዉንብድናን	የሚያሳየዉን	ፅሁፋቸዉን	የዉሃዉን	የጠየቀዉን	መታገዳቸዉን	ወዳጆቻቸዉን	መዋላቸዉን	አዋቂዉን	ማምሻቸዉን	ዘመቻቸዉን	መስማታቸዉን	ቅሬታዉን	ሰዉዬዉን	አቻዎቻቸዉን	የተመሠረተባቸዉን	ሰዉነታቸዉን	ጫናዉን	የማይታወቀዉን	መዘጋታቸዉን	ያሳለፈችዉን	ለኢትዮጵያዉን	መዳረጋቸዉን	የጀመርነዉን	ሽፈራዉን	መጪዉን	ሶስተኛዉን	ስብሰባቸዉን	በሮቻቸዉን	መተዉን	ማቆማቸዉን	የቆመዉን	አንደኛዉን	ጉዳያቸዉን	መግለጻቸዉን	ችግራቸዉን	ዋናዉን	ማመልከታቸዉን	መሰደዳቸዉን	ስፍራዉን	የተጎዳዉን	ስሜታቸዉን	ሙዚቃቸዉን	የሰደደዉን	እንግዶቻቸዉን	ትምሕርታቸዉን	የተከበረዉን	አለመሆናቸዉን	አጀንዳዉን	የሌለዉን	ቀጠሮዉን	ቀያቸዉን	ዋነኛዉን	ጀርመናዊዉን	የሚያበቃዉን	ኑሮዉን	ማዘናቸዉን	ገባዉን	የመሰለዉን	የተዘጋጀዉን	የደንበኞቻቸዉን	መነሳታቸዉን	ተልዕኮዉን	ቡድናቸዉን	መላዉን	ያሠራቸዉን	ተወካዮቻቸዉን	ልምዳቸዉን	አሸባሪዉን	ስራዎቻቸዉን	መቁሰላቸዉን	የፀናዉን	የአገራቸዉን	ስምምነታቸዉን	የዘመቻዉን	ተፎካካሪያቸዉን	እርምጃቸዉን	ዓላማዉን	የፖለቲካዉን	ጉባዔዉን	የሚገጥማቸዉን	የሚያመጣዉን	ዉሳኔያቸዉን	አላማዉን	ጉዞአቸዉን	ሐላፊነታቸዉን	ደረጃዉን	ጣቢያዉን	የሚመለከተዉን	የሚሠጠዉን	ተቀናቃኞቻቸዉን	የአብዛኛዉን	ንብረታቸዉን	ህዝባቸዉን	ያጣዉን	አወዛጋቢዉን	ዉንጀላዉን	መቻላቸዉን	መነጋገራቸዉን	የርዳታዉን	አንድነታቸዉን	መቀጠላቸዉን	አምስተኛዉን	የሚጠይቀዉን	የራሳቸዉንም	የተያዘዉን	ቁጥራቸዉን	ያከናወናቸዉን	ኪሳራዉን	እዉነታዉን	ባለቤታቸዉን	ገንዘባቸዉን	ኬፕታዉን	የሰፈረዉን	መወሰናቸዉን	ማሰማታቸዉን	ያቀደዉን	መስጠታቸዉን	ሐብታቸዉን	የተላለፈዉን	መካሄዳቸዉን	ሃገራቸዉን	ኦዉንግ	መንግስታቸዉን	የሰዉን	መታሠራቸዉን	ጠላቶቻቸዉን	ዛቻዉን	የሚዘልቀዉን	ቤተሰባቸዉን	የተወሰነዉን	አዛዉንቱ	መዉጣታቸዉን	የጠራዉን	መጀመራቸዉን	ሰወስተኛዉን	የሚሏቸዉን	የሚያስችላቸዉን	ይዞታዉን	ሐዘናቸዉን	ማለቃቸዉን	ተፈላጊዉን	መደሰታቸዉን	ጉዟቸዉን	ቀናቸዉን	ፋይዳዉን	የሚደነግገዉን	የተደረሰዉን	የላከዉን	ያደረገችዉን	የሶሪያዉን	የቀጠለዉን	አቅማቸዉን	ዜጎቻቸዉን	ኮሚቴዉን	ታማኞቻቸዉን	መሳሪያቸዉን	እንግዳቸዉን	ታዋቂዉን	ቋንቋዉን	ብጤዎቻቸዉን	ተስፋቸዉን	መድረሳቸዉን	ማንነታቸዉን	የማያዉቀዉን	የገጠማቸዉን	የተጣለዉን	ማሸነፋቸዉን	መመለሳቸዉን	የቀረበላቸዉን	ድብደባዉን	መምጣታቸዉን	የተቀሰቀሰዉን	እድሜያቸዉን	አራተኛዉን	ወታደሮቻቸዉን	የሆነችዉን	ጊዜያቸዉን	ፖለቲካዉን	በዓላቸዉን	ካዉንስል	የሚቀርበዉን	የሚቆጣጠረዉን	ተቃዋሚዉን	አብላጫዉን	ተግባራቸዉን	ጥናታቸዉን	መወሰዳቸዉን	ፓርቲያቸዉን	ፊታቸዉን	መሪዉን	ዋንጫዉን	ክንዉን	ተከታዮቻቸዉን	ጥሩዉን	ባህላቸዉን	ገበያዉን	አገራቸዉን	የሚፈፅመዉን	አካባቢያቸዉን	የሄደዉን	መሪያቸዉን	መጎዳታቸዉን	ቅሪታቸዉን	መርሐቸዉን	ከብቶቻቸዉን	የነበረችዉን	ተራዉን	ያሰራቸዉን	ትግላቸዉን	ትብብራቸዉን	የሚፈለገዉን	ያገኘዉን	ጥሪያቸዉን	ሙዚቃዉን	የጣለዉን	መቆማቸዉን	ሽንፈታቸዉን	የነደፈዉን	ነዉን	የተጋለጠዉን	ኃላፊነታቸዉን	ያጠናቀረዉን	የተሰማቸዉን	የሚንቀሳቀሰዉን	የያኔዉን	ደጋፊዎቻቸዉን	መቀበላቸዉን	የበሽታዉን	የሶማሊያዉን	የመንግሥታቸዉን	መረጃዉን	የደረሰባቸዉን	የተሰጣቸዉን	ባህላዊዉን	ማዕረጋቸዉን	ዉንብድና	ማድመጫዉን	ፓርቲዉን	የነበራቸዉን	የመኖራቸዉን	ድላቸዉን	አቋማቸዉን	የሌላቸዉን	መቆየታቸዉን	ምርመራዉን	ዓመታቸዉን	ብቻቸዉን	የተፈለገዉን	መገደዳቸዉን	ትክክለኛዉን	ያለችዉን	የተመሠረተዉን	ደስታዉን	የእሳቸዉን	አጋጣሚዉን	ጠላታቸዉን	ጉባኤያቸዉን	እንግዳዉን	የሚገባቸዉን	የሚያብጠዉን	እገዳዉን	ፊርማቸዉን	ማቀዳቸዉን	ወጪዉን	የወሰደዉን	የሠፈረዉን	የታየዉን	የአፍሪቃዉን	የያዘችዉን	የዘለቀዉን	ዲግሪያቸዉን	ጉዞዉን	ያካሄደዉን	ሰዉን	ወላጆቻቸዉን	የተጠቀሰዉን	የሚደርስባቸዉን	ርዳታዉን	ሌላቸዉን	አሮጌዉን	መዘጋጀታቸዉን	ያደረሰዉን	መልቀቃቸዉን	አቻቸዉን	ታሪካቸዉን	መስማማታቸዉን	የተገኘዉን	የገጠመዉን	ቤታቸዉን	መብታቸዉን	አንጋፋዉን	ቀሪዉን	ገዢዉን	የሚወስደዉን	ቦታዉን	ቀዳሚዉን	መግለፃቸዉን	አበባዉን	እርዳታዉን	ከመቶዉን	ተቃዋሚዎቻቸዉን	ሀገራቸዉን	ማግኘታቸዉን	እርምጃዉን	የተጠበቀዉን	ኑሯቸዉን	የሚያስችለዉን	የታሰበዉን	ደስታቸዉን	ጥሪዉን	የየበኩላቸዉን	እንቅስቃሴዉን	የሰጠዉን	ወገኖቻቸዉን	የተከታተለዉን	የታቀደዉን	ልጃቸዉን	ተስፋዉን	የመጀመርያዉን	የጀመረችዉን	ቤተሰቦቻቸዉን	መለቀቃቸዉን	መታሰራቸዉን	ተቃራኒዉን	የሚላቸዉን	ያቀረበችዉን	የምትሰጠዉን	ማቅረባቸዉን	የተፈፀመዉን	ግንኙነታቸዉን	መገኘታቸዉን	የዛሬዉን	የሚያስፈልገዉን	የተነሳዉን	አቤቱታቸዉን	ብዙዉን	ፓዉንድ	ጥያቄያቸዉን	ቃላቸዉን	ሕዝባቸዉን	መሞታቸዉን	የገባዉን	ማድረጋቸዉን	መጋለጣቸዉን	ጦራቸዉን	መናገራቸዉን	ድጋፋቸዉን	የዋለዉን	ግድያዉን	ቅሬታቸዉን	የወጣዉን	የምታደርገዉን	የተሰጠዉን	ዉንጀላ	ጥያቄዉን	የቆየዉን	በሽታዉን	ያስቆጠረዉን	ማንኛዉንም	ርምጃዉን	ፈተናዉን	ብራዉን	መሆናቸዉንም	የሚጠራዉን	ልዩነታቸዉን	የሚያስከትለዉን	እሳቸዉን	ሃሳባቸዉን	የሚታወቀዉን	የጀመረዉን	ድምፃቸዉን	የሌላዉን	የተጀመረዉን	የጉባኤዉን	ያስከተለዉን	ዘመቻዉን	ያሳለፈዉን	አደጋዉን	የሐገራቸዉን	የበኩላቸዉን	ሥራዉን	የየራሳቸዉን	ያለፈዉን	ወቀሳዉን	የመጨረሻዉን	ማለታቸዉን	ያዘጋጀዉን	ስብሰባዉን	መግባታቸዉን	ያወጣዉን	የሚኖረዉን	የሚፈፀመዉን	የሚመለከታቸዉን	በመቶዉን	መያዛቸዉን	የሚያደርሰዉን	የተከሰተዉን	ስራዉን	የያዘዉን	ስራቸዉን	ሁለተኛዉን	ስማቸዉን	ስጋታቸዉን	የኢትዮጵያዉን	የሚካሄደዉን	ከፍተኛዉን	መገደላቸዉን	የራሳቸዉን	የተፈጠረዉን	ልጆቻቸዉን	የሚደርሰዉን	ተቃዉሟቸዉን	እራሳቸዉን	የመጣዉን	እጃቸዉን	ያቀረበዉን	አዛዉንት	የሚገባዉን	ሌላዉን	የቀረበዉን	የፓርቲዉን	ብቻዉን	ሐገራቸዉን	ስልጣናቸዉን	የዘገበችዉን	ጉብኝታቸዉን	ያደረገዉን	የሚባለዉን	የሚችለዉን	የቀድሞዉን	መኖራቸዉን	ያሏቸዉን	የደረሰዉን	ሕይወታቸዉን	ሥራቸዉን	ትምህርታቸዉን	አስፈላጊዉን	ተቃዉሞዉን	የተካሄደዉን	የተደረገዉን	የሚያደርገዉን	መግለጫዉን	የሚሰጠዉን	የሚሆነዉን	እዉን	ምርጫዉን	የምርጫዉን	ጉባኤዉን	አብዛኛዉን	የአካባቢዉን	ሥልጣናቸዉን	የመጀመሪያዉን	መቀመጫዉን	ዉሳኔዉን	የሚታየዉን	ራሳቸዉን	የሚደረገዉን	የዘንድሮዉን	አካባቢዉን	ሙሉዉን	ተገቢዉን	ህይወታቸዉን	የዘገበዉን	ሁኔታዉን	የተሰኘዉን	የሆነዉን	ማምሻዉን	ዘገባዉን	አስተያየታቸዉን	ኢትዮጵያዉን	የሚከተለዉን	የተባለዉን	የሚገኘዉን	የነበረዉን	ያላቸዉን	የሚለዉን	መሆናቸዉን	ያለዉን
ዋያ	U+12CB U+12EB	መዋያ	ንዋያቸዉን	ነዋያቸውን	አኩዋያ	ንዋያቸውን
ውቃ	U+12CD U+1243	አስታውቃዋል	አሳውቃለች	የማያውቃቸው	የማታውቃት	ታውቃለች	የማታውቃቸው	ያስታውቃል	ያስታውቃሉ	የሚያውቃት	ታውቃለህ	ያስተዋውቃሉ	ያስተዋውቃል	አውቃለሁ	ያውቃሉ	ያውቃል	እናውቃለን	አስታውቃለች
ውያ	U+12CD U+12EB	ሱዳናውያንን	ሶማሌያውያን	ዩጋንዳውያን	አፍጋኒስታናውያን	ኩባውያን	በኬንያውያን	ናይጀሪያውያንን	በአሜሪካውያኑ	በእሥራኤላውያን	በእስላማውያን	ሰዶማውያንን	ኢትጵያውያን	እስራኤላውያኑን	ለሶማሊያውያን	አርመናውያን	ፓኪስታናውያን	የጎርጎሮሳውያን	ስለኢትዮጵያውያን	የጎርጎሮሳውያኑን	የስዊድናውያኑ	አፍሪካውያንን	ሶማሊያውያንን	ለኬንያውያን	ወንጌላውያን	አረጋውያንን	የሶማሊያውያን	ኢትዮፕያውያን	የቻይናውያኑ	ኮሪያውያን	በቻይናውያኑ	በሶማሊያውያን	ኢራቃውያኑ	ኢትዮጵውያን	ፈረንሳውያኑ	በኢትዮጵያውያኑ	የአፍሪካውያን	የኢየሱሳውያን	ፍልሥጤማውያኑ	ኢትዮጽያውያን	ቱርካውያንና	ምዕራባውያንን	አረጋውያንንና	የሊቢያውያን	ከእሥራኤላውያን	የስጳኛውያኑ	ህንዳውያን	የብሪታንያውያን	አፍሪቃውያኑን	ጃፓናውያኑ	ኢጣልያውያን	ርዋንዳውያን	ሶማሊያውያንም	ከምዕራባውያኑ	ከፍልስጤማውያን	በጎርጎሮሣውያኑ	እስላማውያኑ	በአሜሪካውያን	ከጀርመናውያኑ	እስራኤላውያኑ	በአፍሪቃውያቱ	ከአፍሪካውያን	ከአውሮፓውያን	የአፍሪቃውያንን	ላይቤሪያውያን	ዩክሬናውያን	ሶማልያውያኑ	በኤርትራውያን	በቻይናውያን	የአፍሪቃውያኑን	የቻይናውያን	ሬፓብሊካውያን	ጎርጎሮሳውያን	ሱዳናውያኑ	ኢጣልያውያኑ	በአውሮጳውያን	የኢትዮጵያውያኑን	አሜሪካውያንና	ከአውሮፓውያኑ	ሪፐብሊካውያን	ፍልስጤማውያንን	ከአፍሪቃውያኑ	ድምጻውያን	አረጋውያን	የኢትዮጵያውያንን	ሩስያውያን	የወንጌላውያን	አውሮፓውያንና	አፍሪቃውያንም	ሰዶማውያን	ሩዋንዳውያን	ለአፍሪቃውያኑ	በፍልሥጤማውያን	የምዕራባውያት	ቻይናውያኑ	ኤርትራውያንን	ለፍልስጤማውያን	በአውሮፓውያን	ግሪካውያን	በአይሁዳውያን	በጎሮጎሮሳውያኑ	የአውሮፓውያኑን	አውሮጳውያኑን	እስራኤላውያንን	ቱኒዝያውያን	አሜሪካውያንን	ብሪታንያውያን	ቱርካውያን	የአሜሪካውያን	ዐረባውያን	የፍልሥጤማውያን	እሥራኤላውያኑ	ናይጄሪያውያን	እስላማውያን	የሶማልያውያን	ሰርቢያውያን	አውሮፓውያንን	ሩሲያውያኑ	ጀርመናውያንና	አፍሪቃውያንና	ስዊድናውያኑ	ለአውሮፓውያን	ሴኔጋላውያን	አውሮፓውያንም	ኤርትራውያኑ	የኬንያውያን	ለኢትዮጵያውያኑ	የአሜሪካውያኑ	ያሜሪካውያን	ጋናውያን	እሥራኤላውያንን	በጀርመናውያኑ	የጀርመናውያኑን	በአውሮጳውያኑ	የአረጋውያን	ኢትዮጵያውያቱ	በጎርጎሪዮሳውያኑ	ከኢትዮጵያውያን	ኬኒያውያን	ምዕራባውያት	ኤርትራውያንም	የምዕራባውያኑን	የአውሮጳውያን	ጥንታውያን	ኬንያውያንን	አፍሪቃውያቱ	ጀርመናውያንን	አውሮጳውያት	ኢትዮዽያውያን	የአይሁዳውያን	የአፍሪቃውያኑ	በምዕራባውያኑ	በአፍሪቃውያኑ	ከጎርጎሮሳውያኑ	በጀርመናውያን	ከጀርመናውያን	ከአፍሪቃውያን	የአውሮጳውያኑ	ዐረባውያት	ሶርያውያን	በአውሮፓውያኑ	በፍልስጤማውያን	ጃፓናውያን	ለአውሮፓውያኑ	ስዊድናውያን	ሩሲያውያን	ፈረንሳውያን	ያሜሪካውያኑ	የምዕራባውያኑ	ፍልሥጤማውያን	ከምዕራባውያን	ኤርትራውያንና	ኢራቃውያን	ኢትዮጵያውያኑን	የኢትዮጵያውያኑ	የጎርጎሮሣውያኑ	ኢራናውያን	ሊቢያውያን	የአውሮፓውያን	ግብፃውያን	አፍሪካውያን	ለጀርመናውያን	የአውሮፓውያኑ	ካቶሊካውያን	ኢትዮጵያውያት	ሶማልያውያን	የኤርትራውያን	ሶሪያውያን	ናይጀሪያውያን	አውሮጳውያኑ	ኬንያውያኑ	የፍልስጤማውያን	ለአፍሪቃውያን	የምዕራባውያን	በአፍሪቃውያን	እሥራኤላውያን	ጎርጎሮሳውያኑ	ኢትዮጵያውያንም	ግብጻውያን	ምዕራባውያኑ	የጀርመናውያን	አፍሪቃውያንን	ጀርመናውያኑ	በምዕራባውያን	ለኢትዮጵያውያን	አይሁዳውያን	አሜሪካውያኑ	የጎርጎሮሳውያኑ	አውሮፓውያኑ	ኢትዮጵያውያንና	አውሮጳውያን	ፍልስጤማውያን	በኢትዮጵያውያን	እስራኤላውያን	ቻይናውያን	ሶማሊያውያን	የጀርመናውያኑ	አፍሪቃውያኑ	ሱዳናውያን	የአፍሪቃውያን	በጎርጎሮሳውያኑ	አፍሪቃውያት	ኢትዮጵያውያኑ	ኢትዮጵያውያንን	አውሮፓውያን	ኬንያውያን	አሜሪካውያን	ምዕራባውያን	የኢትዮጵያውያን	ጀርመናውያን	ኤርትራውያን	አፍሪቃውያን	ኢትዮጵያውያን
ዒሽ	U+12D2 U+123D	
ዚኸ	U+12DA U+12B8	
የፈ	U+12E8 U+1348	የፈለገው	የፈጣሪን	የፈተሸ	የፈፀመዉን	የፈንጠዝያ	እየፈጠረች	የፈንጅ	የፈጸመውም	በየፈርጁ	የፈርገሰኑ	የፈጠሩትን	የፈፀመ	የፈነጠቀ	የፈሪ	የፈጠራው	የፈሰሰባቸው	የፈለጉበት	የፈቀደላቸዉ	እየፈተነ	የፈረንሳዩን	የፈረንጆች	የፈረሰችዉን	የፈጠረችው	የፈቀዱ	እየፈጸሙ	የፈፀመዉ	የፈነዳዉ	የፈደራሲዮኑ	የፈረሰዉ	የፈጸመ	እየፈለገ	የፈላ	የፈረንሳይዋ	የፈረንሣይና	የፈነጠቀዉ	የፈጥኖ	የፈላስያን	የፈተናዉ	የፈለገዉን	የፈሩት	እየፈጠሩ	የፈረንሣይን	የፈረንጆቹን	እየፈጀ	የፈረሰባቸዉ	የፈረሰባቸው	የፈረንሣዩን	የፈነጠቀው	እየፈለጉ	የፈነዳ	የፈጠሩ	እየፈረሱ	የፈረመው	እየፈለሱ	የፈሰሰበት	የፈውስ	የፈቀደው	የፈረሙትን	የፈጣን	የፈለሱት	የፈጀውን	የፈጀባት	የፈጠረ	እየፈጸመ	የፈጠነ	የፈረንሣይኛ	የፈፀሙ	የፈለገውን	የፈጠረውን	የፈየደዉ	የፈረሰበት	የፈተና	የፈጀዉ	የፈጀበት	የፈረስ	የፈጸሙ	የፈረንሳይን	እየፈጠረ	የፈፀመው	የፈፀሙትን	የፈረንሳይኛ	የፈጸመችው	የፈረሙት	የፈለጉትን	የፈለገ	የፈረንሳይና	የፈለሱ	የፈጠረዉ	የፈጀው	የፈጠሩት	የፈንጂ	የፈሰሰው	የፈረንሣዩ	የፈነዳው	የፈረንጆቹ	የፈጀ	የፈጸሙት	የፈፀሙት	የፈለጉ	የፈለጉት	የፈጸመው	የፈጠረው	የፈረንሣይ	የፈረንሳዩ	የፈጠራ	የፈረንሳይ
ያዶ	U+12EB U+12F6	መያዶችን	የመያዶች	መያዶች
ደት	U+12F0 U+1275	ለውህደት	ለውርደት	ዉኽደት	በስደትም	የልደትን	በውልደት	ከውርደት	የዉሕደት	የውኅደት	ልደትን	ውህደትን	ውኅደትን	ሥግደት	ዉኅደት	ውርደት	ፕሬዝደት	የውሕደት	ከልደት	ወደትምህርት	ኡደት	በሒደት	ሒደትን	ክህደት	ስግደት	ሒደትም	የዉህደት	ውኅደት	ሥደት	ውሕደት	ሂደትን	የውህደት	ዉሕደት	ከስደት	ስደትና	ሂደትና	ስደትን	ዉህደት	ሒደትና	ዑደት	በሂደት	ሂደትም	ለስደት	ውህደት	የልደት	የስደት	በስደት	ስደት	ክብደት	ሒደት	ልደት	ሂደት
ድሒ	U+12F5 U+1212	
ጉሥ	U+1309 U+1225	የንጉሥ	ንጉሥ
ጊዒ	U+130A U+12D2	
ጊሩ	U+130A U+1229	
ጊት	U+130A U+1275	በድርጊት	ድርጊትና	ቢርጊት	ድርጊትን	ድርጊትም	የድርጊት	ድርጊት
ጋም	U+130B U+121D	ዜጋም	ጋምቦ	ኣይዘነጋም	ተጋምሷል	የጋምቤላን	የጋምቤላው	ፍለጋም	ቡንደስሊጋም	ሊጋም	ጋም	በጋምቢያ	ጋምቢያን	ከጋምቤላ	ዋጋም	አደጋም	ጋምቢያ	የጋምቢያ	ጋምቤላ	የጋምቤላ	በጋምቤላ	አይዘነጋም
ጋሥ	U+130B U+1225	
ጢፋ	U+1322 U+134B	እስጢፋኖስ
ጢን	U+1322 U+1295	ጢንዚዛ
ጢዒ	U+1322 U+12D2	
ጢት	U+1322 U+1275	ከረጢት
ጨቒ	U+1328 U+1252	
ጪት	U+132A U+1275	
ጽሓ	U+133D U+1213	የመጽሓፍ
ፈሞ	U+1348 U+121E	
ፖጨ	U+1356 U+1328	
ፖረ	U+1356 U+1228	
ⶄቇ	U+2D84 U+1247	
ꬂኹ	U+AB02 U+12B9	
ꬂዒ	U+AB02 U+12D2	
ꬂዔ	U+AB02 U+12D4	
ꬄዔ	U+AB04 U+12D4	
ꬒኸ	U+AB12 U+12B8	
ꬒኸ	U+AB12 U+12B8	
ꬒኸ	U+AB12 U+12B8	
ꬒኸ	U+AB12 U+12B8	
ꬒኸ	U+AB12 U+12B8	
ትሔ	U+1275 U+1214	ለመፍትሔ	መፍትሔዉም	መፍትሔውስ	መፍትሔዎች	መፍትሔው	መፍትሔዉ	የመፍትሔ	መፍትሔ
ትሔ	U+1275 U+1214	ለመፍትሔ	መፍትሔዉም	መፍትሔውስ	መፍትሔዎች	መፍትሔው	መፍትሔዉ	የመፍትሔ	መፍትሔ
ትሔ	U+1275 U+1214	ለመፍትሔ	መፍትሔዉም	መፍትሔውስ	መፍትሔዎች	መፍትሔው	መፍትሔዉ	የመፍትሔ	መፍትሔ
ትሔ	U+1275 U+1214	ለመፍትሔ	መፍትሔዉም	መፍትሔውስ	መፍትሔዎች	መፍትሔው	መፍትሔዉ	የመፍትሔ	መፍትሔ
ትሔ	U+1275 U+1214	ለመፍትሔ	መፍትሔዉም	መፍትሔውስ	መፍትሔዎች	መፍትሔው	መፍትሔዉ	የመፍትሔ	መፍትሔ
