ሀሐ	U+1200 U+1210
ሀሔ	U+1200 U+1214
ሀሕ	U+1200 U+1215
ሀሚ	U+1200 U+121A
ሀማ	U+1200 U+121B
ሀሜ	U+1200 U+121C
ሀም	U+1200 U+121D
ሀሟ	U+1200 U+121F
ሀሥ	U+1200 U+1225
ሀረ	U+1200 U+1228
ሀሪ	U+1200 U+122A
ሀራ	U+1200 U+122B
ሀሯ	U+1200 U+122F
ሀሰ	U+1200 U+1230
ሀሲ	U+1200 U+1232
ሀሴ	U+1200 U+1234
ሀስ	U+1200 U+1235
ሀሶ	U+1200 U+1236
ሀቃ	U+1200 U+1243
ሀበ	U+1200 U+1260
ሀቢ	U+1200 U+1262
ሀቦ	U+1200 U+1266
ሀታ	U+1200 U+1273
ሀቻ	U+1200 U+127B
ሀአ	U+1200 U+12A0
ሀኢ	U+1200 U+12A2
ሀእ	U+1200 U+12A5
ሀዕ	U+1200 U+12D5
ሀያ	U+1200 U+12EB
ሀይ	U+1200 U+12ED
ሀደ	U+1200 U+12F0
ሀዱ	U+1200 U+12F1
ሀዲ	U+1200 U+12F2
ሀዳ	U+1200 U+12F3
ሀድ	U+1200 U+12F5
ሀዶ	U+1200 U+12F6
ሀጂ	U+1200 U+1302
ሀጅ	U+1200 U+1305
ሀጆ	U+1200 U+1306
ሀጋ	U+1200 U+130B
ሀጠ	U+1200 U+1320
ሀጥ	U+1200 U+1325
ሀጨ	U+1200 U+1328
ሀጵ	U+1200 U+1335
ሀጻ	U+1200 U+133B
ሀፈ	U+1200 U+1348
ሀፊ	U+1200 U+134A
ሁቃ	U+1201 U+1243
ሁታ	U+1201 U+1273
ሁን	U+1201 U+1295
ሁኘ	U+1201 U+1298
ሁኙ	U+1201 U+1299
ሁኝ	U+1201 U+129D
ሁአ	U+1201 U+12A0
ሁኢ	U+1201 U+12A2
ሁእ	U+1201 U+12A5
ሁከ	U+1201 U+12A8
ሁካ	U+1201 U+12AB
ሁኬ	U+1201 U+12AC
ሁክ	U+1201 U+12AD
ሁኮ	U+1201 U+12AE
ሁጂ	U+1201 U+1302
ሁገ	U+1201 U+1308
ሁጉ	U+1201 U+1309
ሁጊ	U+1201 U+130A
ሁጵ	U+1201 U+1335
ሁጻ	U+1201 U+133B
ሁ፡	U+1201 U+1361
ሁ፣	U+1201 U+1363
ህሐ	U+1205 U+1210
ህሔ	U+1205 U+1214
ህሕ	U+1205 U+1215
ህሚ	U+1205 U+121A
ህማ	U+1205 U+121B
ህሜ	U+1205 U+121C
ህም	U+1205 U+121D
ህሟ	U+1205 U+121F
ህሥ	U+1205 U+1225
ህረ	U+1205 U+1228
ህሪ	U+1205 U+122A
ህራ	U+1205 U+122B
ህሯ	U+1205 U+122F
ህሰ	U+1205 U+1230
ህሲ	U+1205 U+1232
ህሴ	U+1205 U+1234
ህስ	U+1205 U+1235
ህሶ	U+1205 U+1236
ህቃ	U+1205 U+1243
ህበ	U+1205 U+1260
ህቢ	U+1205 U+1262
ህቦ	U+1205 U+1266
ህታ	U+1205 U+1273
ህቻ	U+1205 U+127B
ህአ	U+1205 U+12A0
ህኢ	U+1205 U+12A2
ህእ	U+1205 U+12A5
ህዕ	U+1205 U+12D5
ህያ	U+1205 U+12EB
ህይ	U+1205 U+12ED
ህደ	U+1205 U+12F0
ህዱ	U+1205 U+12F1
ህዲ	U+1205 U+12F2
ህዳ	U+1205 U+12F3
ህድ	U+1205 U+12F5
ህዶ	U+1205 U+12F6
ህጂ	U+1205 U+1302
ህጅ	U+1205 U+1305
ህጆ	U+1205 U+1306
ህጋ	U+1205 U+130B
ህጠ	U+1205 U+1320
ህጥ	U+1205 U+1325
ህጨ	U+1205 U+1328
ህጵ	U+1205 U+1335
ህጻ	U+1205 U+133B
ህፈ	U+1205 U+1348
ህፊ	U+1205 U+134A
ሆለ	U+1206 U+1208
ሆሉ	U+1206 U+1209
ሆሊ	U+1206 U+120A
ሆላ	U+1206 U+120B
ሆሌ	U+1206 U+120C
ሆል	U+1206 U+120D
ሆሎ	U+1206 U+120E
ሆሐ	U+1206 U+1210
ሆሔ	U+1206 U+1214
ሆሕ	U+1206 U+1215
ሆመ	U+1206 U+1218
ሆሙ	U+1206 U+1219
ሆሥ	U+1206 U+1225
ሆረ	U+1206 U+1228
ሆሩ	U+1206 U+1229
ሆሪ	U+1206 U+122A
ሆራ	U+1206 U+122B
ሆር	U+1206 U+122D
ሆሮ	U+1206 U+122E
ሆሯ	U+1206 U+122F
ሆሰ	U+1206 U+1230
ሆሲ	U+1206 U+1232
ሆሳ	U+1206 U+1233
ሆሴ	U+1206 U+1234
ሆስ	U+1206 U+1235
ሆሶ	U+1206 U+1236
ሆሸ	U+1206 U+1238
ሆሻ	U+1206 U+123B
ሆሽ	U+1206 U+123D
ሆቀ	U+1206 U+1240
ሆቁ	U+1206 U+1241
ሆቃ	U+1206 U+1243
ሆቅ	U+1206 U+1245
ሆቆ	U+1206 U+1246
ሆበ	U+1206 U+1260
ሆቢ	U+1206 U+1262
ሆብ	U+1206 U+1265
ሆቦ	U+1206 U+1266
ሆተ	U+1206 U+1270
ሆቱ	U+1206 U+1271
ሆታ	U+1206 U+1273
ሆቴ	U+1206 U+1274
ሆት	U+1206 U+1275
ሆቶ	U+1206 U+1276
ሆቸ	U+1206 U+1278
ሆቻ	U+1206 U+127B
ሆች	U+1206 U+127D
ሆኃ	U+1206 U+1283
ሆን	U+1206 U+1295
ሆኘ	U+1206 U+1298
ሆኙ	U+1206 U+1299
ሆአ	U+1206 U+12A0
ሆኢ	U+1206 U+12A2
ሆእ	U+1206 U+12A5
ሆወ	U+1206 U+12C8
ሆው	U+1206 U+12CD
ሆዐ	U+1206 U+12D0
ሆዕ	U+1206 U+12D5
ሆያ	U+1206 U+12EB
ሆይ	U+1206 U+12ED
ሆደ	U+1206 U+12F0
ሆዱ	U+1206 U+12F1
ሆዲ	U+1206 U+12F2
ሆዳ	U+1206 U+12F3
ሆድ	U+1206 U+12F5
ሆዶ	U+1206 U+12F6
ሆጆ	U+1206 U+1306
ሆገ	U+1206 U+1308
ሆጉ	U+1206 U+1309
ሆጊ	U+1206 U+130A
ሆጋ	U+1206 U+130B
ሆጠ	U+1206 U+1320
ሆጣ	U+1206 U+1323
ሆጥ	U+1206 U+1325
ሆጨ	U+1206 U+1328
ሆጭ	U+1206 U+132D
ሆጮ	U+1206 U+132E
ሆጵ	U+1206 U+1335
ሆጻ	U+1206 U+133B
ሆፈ	U+1206 U+1348
ሆፉ	U+1206 U+1349
ሆፊ	U+1206 U+134A
ሆ።	U+1206 U+1362
ሆ፦	U+1206 U+1366
ለሀ	U+1208 U+1200
ለሁ	U+1208 U+1201
ለህ	U+1208 U+1205
ለሆ	U+1208 U+1206
ለላ	U+1208 U+120B
ለመ	U+1208 U+1218
ለሙ	U+1208 U+1219
ለሚ	U+1208 U+121A
ለማ	U+1208 U+121B
ለሜ	U+1208 U+121C
ለም	U+1208 U+121D
ለሞ	U+1208 U+121E
ለሟ	U+1208 U+121F
ለሠ	U+1208 U+1220
ለሡ	U+1208 U+1221
ለሩ	U+1208 U+1229
ለር	U+1208 U+122D
ለሮ	U+1208 U+122E
ለሳ	U+1208 U+1233
ለስ	U+1208 U+1235
ለሸ	U+1208 U+1238
ለሻ	U+1208 U+123B
ለሽ	U+1208 U+123D
ለቀ	U+1208 U+1240
ለቁ	U+1208 U+1241
ለቅ	U+1208 U+1245
ለቆ	U+1208 U+1246
ለቋ	U+1208 U+124B
ለባ	U+1208 U+1263
ለብ	U+1208 U+1265
ለተ	U+1208 U+1270
ለቱ	U+1208 U+1271
ለቴ	U+1208 U+1274
ለት	U+1208 U+1275
ለቶ	U+1208 U+1276
ለቸ	U+1208 U+1278
ለች	U+1208 U+127D
ለኅ	U+1208 U+1285
ለነ	U+1208 U+1290
ለኑ	U+1208 U+1291
ለና	U+1208 U+1293
ለን	U+1208 U+1295
ለኖ	U+1208 U+1296
ለኘ	U+1208 U+1298
ለኙ	U+1208 U+1299
ለኝ	U+1208 U+129D
ለከ	U+1208 U+12A8
ለካ	U+1208 U+12AB
ለኬ	U+1208 U+12AC
ለክ	U+1208 U+12AD
ለኮ	U+1208 U+12AE
ለወ	U+1208 U+12C8
ለዊ	U+1208 U+12CA
ለዋ	U+1208 U+12CB
ለው	U+1208 U+12CD
ለዓ	U+1208 U+12D3
ለየ	U+1208 U+12E8
ለዮ	U+1208 U+12EE
ለዱ	U+1208 U+12F1
ለዲ	U+1208 U+12F2
ለዳ	U+1208 U+12F3
ለጂ	U+1208 U+1302
ለጅ	U+1208 U+1305
ለገ	U+1208 U+1308
ለጉ	U+1208 U+1309
ለጊ	U+1208 U+130A
ለግ	U+1208 U+130D
ለጎ	U+1208 U+130E
ለጣ	U+1208 U+1323
ለጥ	U+1208 U+1325
ለጭ	U+1208 U+132D
ለጻ	U+1208 U+133B
ለፉ	U+1208 U+1349
ለፍ	U+1208 U+134D
ለ፡	U+1208 U+1361
ለ።	U+1208 U+1362
ለ፣	U+1208 U+1363
ለ፦	U+1208 U+1366
ሉሐ	U+1209 U+1210
ሉሔ	U+1209 U+1214
ሉሥ	U+1209 U+1225
ሉቃ	U+1209 U+1243
ሉነ	U+1209 U+1290
ሉኑ	U+1209 U+1291
ሉን	U+1209 U+1295
ሉኘ	U+1209 U+1298
ሉኙ	U+1209 U+1299
ሉአ	U+1209 U+12A0
ሉኢ	U+1209 U+12A2
ሉእ	U+1209 U+12A5
ሉከ	U+1209 U+12A8
ሉካ	U+1209 U+12AB
ሉኬ	U+1209 U+12AC
ሉክ	U+1209 U+12AD
ሉኮ	U+1209 U+12AE
ሉጂ	U+1209 U+1302
ሉገ	U+1209 U+1308
ሉጉ	U+1209 U+1309
ሉጊ	U+1209 U+130A
ሉጭ	U+1209 U+132D
ሉጵ	U+1209 U+1335
ሉጻ	U+1209 U+133B
ሉ፡	U+1209 U+1361
ሉ፣	U+1209 U+1363
ሊሀ	U+120A U+1200
ሊሁ	U+120A U+1201
ሊሆ	U+120A U+1206
ሊላ	U+120A U+120B
ሊመ	U+120A U+1218
ሊሙ	U+120A U+1219
ሊሚ	U+120A U+121A
ሊማ	U+120A U+121B
ሊሜ	U+120A U+121C
ሊሞ	U+120A U+121E
ሊሟ	U+120A U+121F
ሊሠ	U+120A U+1220
ሊሡ	U+120A U+1221
ሊሩ	U+120A U+1229
ሊሳ	U+120A U+1233
ሊሻ	U+120A U+123B
ሊሽ	U+120A U+123D
ሊቀ	U+120A U+1240
ሊቁ	U+120A U+1241
ሊቅ	U+120A U+1245
ሊቆ	U+120A U+1246
ሊባ	U+120A U+1263
ሊብ	U+120A U+1265
ሊተ	U+120A U+1270
ሊቱ	U+120A U+1271
ሊቴ	U+120A U+1274
ሊት	U+120A U+1275
ሊቶ	U+120A U+1276
ሊቸ	U+120A U+1278
ሊች	U+120A U+127D
ሊኅ	U+120A U+1285
ሊነ	U+120A U+1290
ሊኑ	U+120A U+1291
ሊና	U+120A U+1293
ሊን	U+120A U+1295
ሊኖ	U+120A U+1296
ሊኘ	U+120A U+1298
ሊኙ	U+120A U+1299
ሊኝ	U+120A U+129D
ሊከ	U+120A U+12A8
ሊካ	U+120A U+12AB
ሊኬ	U+120A U+12AC
ሊክ	U+120A U+12AD
ሊኮ	U+120A U+12AE
ሊዊ	U+120A U+12CA
ሊዋ	U+120A U+12CB
ሊዓ	U+120A U+12D3
ሊየ	U+120A U+12E8
ሊዮ	U+120A U+12EE
ሊዱ	U+120A U+12F1
ሊዲ	U+120A U+12F2
ሊዳ	U+120A U+12F3
ሊገ	U+120A U+1308
ሊጉ	U+120A U+1309
ሊጊ	U+120A U+130A
ሊግ	U+120A U+130D
ሊጎ	U+120A U+130E
ሊጣ	U+120A U+1323
ሊጥ	U+120A U+1325
ሊጭ	U+120A U+132D
ሊጵ	U+120A U+1335
ሊጻ	U+120A U+133B
ሊፉ	U+120A U+1349
ሊ፡	U+120A U+1361
ሊ፣	U+120A U+1363
ሊ፦	U+120A U+1366
ላሀ	U+120B U+1200
ላሁ	U+120B U+1201
ላህ	U+120B U+1205
ላሆ	U+120B U+1206
ላላ	U+120B U+120B
ላመ	U+120B U+1218
ላሙ	U+120B U+1219
ላሚ	U+120B U+121A
ላማ	U+120B U+121B
ላሜ	U+120B U+121C
ላም	U+120B U+121D
ላሞ	U+120B U+121E
ላሟ	U+120B U+121F
ላሠ	U+120B U+1220
ላሡ	U+120B U+1221
ላሩ	U+120B U+1229
ላር	U+120B U+122D
ላሮ	U+120B U+122E
ላሳ	U+120B U+1233
ላስ	U+120B U+1235
ላሸ	U+120B U+1238
ላሻ	U+120B U+123B
ላሽ	U+120B U+123D
ላቀ	U+120B U+1240
ላቁ	U+120B U+1241
ላቅ	U+120B U+1245
ላቆ	U+120B U+1246
ላቋ	U+120B U+124B
ላባ	U+120B U+1263
ላብ	U+120B U+1265
ላተ	U+120B U+1270
ላቱ	U+120B U+1271
ላቴ	U+120B U+1274
ላት	U+120B U+1275
ላቶ	U+120B U+1276
ላቸ	U+120B U+1278
ላች	U+120B U+127D
ላኅ	U+120B U+1285
ላነ	U+120B U+1290
ላኑ	U+120B U+1291
ላና	U+120B U+1293
ላን	U+120B U+1295
ላኖ	U+120B U+1296
ላኘ	U+120B U+1298
ላኙ	U+120B U+1299
ላኝ	U+120B U+129D
ላከ	U+120B U+12A8
ላካ	U+120B U+12AB
ላኬ	U+120B U+12AC
ላክ	U+120B U+12AD
ላኮ	U+120B U+12AE
ላወ	U+120B U+12C8
ላዊ	U+120B U+12CA
ላዋ	U+120B U+12CB
ላው	U+120B U+12CD
ላዓ	U+120B U+12D3
ላየ	U+120B U+12E8
ላዮ	U+120B U+12EE
ላዱ	U+120B U+12F1
ላዲ	U+120B U+12F2
ላዳ	U+120B U+12F3
ላጂ	U+120B U+1302
ላጅ	U+120B U+1305
ላገ	U+120B U+1308
ላጉ	U+120B U+1309
ላጊ	U+120B U+130A
ላግ	U+120B U+130D
ላጎ	U+120B U+130E
ላጣ	U+120B U+1323
ላጥ	U+120B U+1325
ላጭ	U+120B U+132D
ላጻ	U+120B U+133B
ላፉ	U+120B U+1349
ላፍ	U+120B U+134D
ላ፡	U+120B U+1361
ላ።	U+120B U+1362
ላ፣	U+120B U+1363
ላ፦	U+120B U+1366
ሌላ	U+120C U+120B
ሌሐ	U+120C U+1210
ሌሔ	U+120C U+1214
ሌሚ	U+120C U+121A
ሌማ	U+120C U+121B
ሌሜ	U+120C U+121C
ሌሞ	U+120C U+121E
ሌሟ	U+120C U+121F
ሌሩ	U+120C U+1229
ሌቀ	U+120C U+1240
ሌቁ	U+120C U+1241
ሌቅ	U+120C U+1245
ሌብ	U+120C U+1265
ሌተ	U+120C U+1270
ሌቱ	U+120C U+1271
ሌቴ	U+120C U+1274
ሌት	U+120C U+1275
ሌቶ	U+120C U+1276
ሌቸ	U+120C U+1278
ሌች	U+120C U+127D
ሌኅ	U+120C U+1285
ሌነ	U+120C U+1290
ሌኑ	U+120C U+1291
ሌና	U+120C U+1293
ሌን	U+120C U+1295
ሌኖ	U+120C U+1296
ሌኘ	U+120C U+1298
ሌኙ	U+120C U+1299
ሌኝ	U+120C U+129D
ሌከ	U+120C U+12A8
ሌካ	U+120C U+12AB
ሌኬ	U+120C U+12AC
ሌክ	U+120C U+12AD
ሌኮ	U+120C U+12AE
ሌዊ	U+120C U+12CA
ሌዋ	U+120C U+12CB
ሌዓ	U+120C U+12D3
ሌየ	U+120C U+12E8
ሌዮ	U+120C U+12EE
ሌገ	U+120C U+1308
ሌጉ	U+120C U+1309
ሌጊ	U+120C U+130A
ሌግ	U+120C U+130D
ሌጎ	U+120C U+130E
ሌጠ	U+120C U+1320
ሌጣ	U+120C U+1323
ሌጥ	U+120C U+1325
ሌጨ	U+120C U+1328
ሌጭ	U+120C U+132D
ሌፉ	U+120C U+1349
ሌ፡	U+120C U+1361
ሌ፣	U+120C U+1363
ልሀ	U+120D U+1200
ልሁ	U+120D U+1201
ልህ	U+120D U+1205
ልሆ	U+120D U+1206
ልላ	U+120D U+120B
ልመ	U+120D U+1218
ልሙ	U+120D U+1219
ልሚ	U+120D U+121A
ልማ	U+120D U+121B
ልሜ	U+120D U+121C
ልም	U+120D U+121D
ልሞ	U+120D U+121E
ልሟ	U+120D U+121F
ልሠ	U+120D U+1220
ልሡ	U+120D U+1221
ልሩ	U+120D U+1229
ልር	U+120D U+122D
ልሮ	U+120D U+122E
ልሳ	U+120D U+1233
ልስ	U+120D U+1235
ልሸ	U+120D U+1238
ልሻ	U+120D U+123B
ልሽ	U+120D U+123D
ልቀ	U+120D U+1240
ልቁ	U+120D U+1241
ልቅ	U+120D U+1245
ልቆ	U+120D U+1246
ልቋ	U+120D U+124B
ልባ	U+120D U+1263
ልብ	U+120D U+1265
ልተ	U+120D U+1270
ልቱ	U+120D U+1271
ልቴ	U+120D U+1274
ልት	U+120D U+1275
ልቶ	U+120D U+1276
ልቸ	U+120D U+1278
ልች	U+120D U+127D
ልኅ	U+120D U+1285
ልነ	U+120D U+1290
ልኑ	U+120D U+1291
ልና	U+120D U+1293
ልን	U+120D U+1295
ልኖ	U+120D U+1296
ልኘ	U+120D U+1298
ልኙ	U+120D U+1299
ልኝ	U+120D U+129D
ልከ	U+120D U+12A8
ልካ	U+120D U+12AB
ልኬ	U+120D U+12AC
ልክ	U+120D U+12AD
ልኮ	U+120D U+12AE
ልወ	U+120D U+12C8
ልዊ	U+120D U+12CA
ልዋ	U+120D U+12CB
ልው	U+120D U+12CD
ልዓ	U+120D U+12D3
ልየ	U+120D U+12E8
ልዮ	U+120D U+12EE
ልዱ	U+120D U+12F1
ልዲ	U+120D U+12F2
ልዳ	U+120D U+12F3
ልጂ	U+120D U+1302
ልጅ	U+120D U+1305
ልገ	U+120D U+1308
ልጉ	U+120D U+1309
ልጊ	U+120D U+130A
ልግ	U+120D U+130D
ልጎ	U+120D U+130E
ልጣ	U+120D U+1323
ልጥ	U+120D U+1325
ልጭ	U+120D U+132D
ልጻ	U+120D U+133B
ልፉ	U+120D U+1349
ልፍ	U+120D U+134D
ል፡	U+120D U+1361
ል።	U+120D U+1362
ል፣	U+120D U+1363
ል፦	U+120D U+1366
ሎሐ	U+120E U+1210
ሎሔ	U+120E U+1214
ሎሕ	U+120E U+1215
ሎሞ	U+120E U+121E
ሎሥ	U+120E U+1225
ሎረ	U+120E U+1228
ሎሩ	U+120E U+1229
ሎሪ	U+120E U+122A
ሎራ	U+120E U+122B
ሎሯ	U+120E U+122F
ሎሸ	U+120E U+1238
ሎሻ	U+120E U+123B
ሎሽ	U+120E U+123D
ሎቃ	U+120E U+1243
ሎቋ	U+120E U+124B
ሎታ	U+120E U+1273
ሎት	U+120E U+1275
ሎነ	U+120E U+1290
ሎኑ	U+120E U+1291
ሎኘ	U+120E U+1298
ሎኙ	U+120E U+1299
ሎአ	U+120E U+12A0
ሎኢ	U+120E U+12A2
ሎእ	U+120E U+12A5
ሎዕ	U+120E U+12D5
ሎያ	U+120E U+12EB
ሎይ	U+120E U+12ED
ሎደ	U+120E U+12F0
ሎድ	U+120E U+12F5
ሎዶ	U+120E U+12F6
ሎጂ	U+120E U+1302
ሎጅ	U+120E U+1305
ሎጆ	U+120E U+1306
ሎጋ	U+120E U+130B
ሎጠ	U+120E U+1320
ሎጨ	U+120E U+1328
ሎጭ	U+120E U+132D
ሎጵ	U+120E U+1335
ሎጻ	U+120E U+133B
ሎፈ	U+120E U+1348
ሎፊ	U+120E U+134A
ሐህ	U+1210 U+1205
ሐላ	U+1210 U+120B
ሐመ	U+1210 U+1218
ሐሙ	U+1210 U+1219
ሐሚ	U+1210 U+121A
ሐማ	U+1210 U+121B
ሐሜ	U+1210 U+121C
ሐም	U+1210 U+121D
ሐሞ	U+1210 U+121E
ሐሟ	U+1210 U+121F
ሐሥ	U+1210 U+1225
ሐሩ	U+1210 U+1229
ሐሳ	U+1210 U+1233
ሐሸ	U+1210 U+1238
ሐሻ	U+1210 U+123B
ሐሽ	U+1210 U+123D
ሐቀ	U+1210 U+1240
ሐቁ	U+1210 U+1241
ሐቅ	U+1210 U+1245
ሐባ	U+1210 U+1263
ሐብ	U+1210 U+1265
ሐተ	U+1210 U+1270
ሐቱ	U+1210 U+1271
ሐቴ	U+1210 U+1274
ሐት	U+1210 U+1275
ሐቶ	U+1210 U+1276
ሐቸ	U+1210 U+1278
ሐች	U+1210 U+127D
ሐኅ	U+1210 U+1285
ሐነ	U+1210 U+1290
ሐኑ	U+1210 U+1291
ሐና	U+1210 U+1293
ሐን	U+1210 U+1295
ሐኖ	U+1210 U+1296
ሐኘ	U+1210 U+1298
ሐኙ	U+1210 U+1299
ሐኝ	U+1210 U+129D
ሐከ	U+1210 U+12A8
ሐካ	U+1210 U+12AB
ሐኬ	U+1210 U+12AC
ሐክ	U+1210 U+12AD
ሐኮ	U+1210 U+12AE
ሐወ	U+1210 U+12C8
ሐዊ	U+1210 U+12CA
ሐዋ	U+1210 U+12CB
ሐው	U+1210 U+12CD
ሐዓ	U+1210 U+12D3
ሐየ	U+1210 U+12E8
ሐዮ	U+1210 U+12EE
ሐዱ	U+1210 U+12F1
ሐዲ	U+1210 U+12F2
ሐዳ	U+1210 U+12F3
ሐጂ	U+1210 U+1302
ሐገ	U+1210 U+1308
ሐጉ	U+1210 U+1309
ሐጊ	U+1210 U+130A
ሐግ	U+1210 U+130D
ሐጎ	U+1210 U+130E
ሐጣ	U+1210 U+1323
ሐጥ	U+1210 U+1325
ሐጭ	U+1210 U+132D
ሐጻ	U+1210 U+133B
ሐፉ	U+1210 U+1349
ሐፍ	U+1210 U+134D
ሐ፡	U+1210 U+1361
ሐ።	U+1210 U+1362
ሐ፣	U+1210 U+1363
ሐ፦	U+1210 U+1366
ሔላ	U+1214 U+120B
ሔሐ	U+1214 U+1210
ሔሔ	U+1214 U+1214
ሔሚ	U+1214 U+121A
ሔማ	U+1214 U+121B
ሔሜ	U+1214 U+121C
ሔሞ	U+1214 U+121E
ሔሟ	U+1214 U+121F
ሔሩ	U+1214 U+1229
ሔቀ	U+1214 U+1240
ሔቁ	U+1214 U+1241
ሔቅ	U+1214 U+1245
ሔብ	U+1214 U+1265
ሔተ	U+1214 U+1270
ሔቱ	U+1214 U+1271
ሔቴ	U+1214 U+1274
ሔት	U+1214 U+1275
ሔቶ	U+1214 U+1276
ሔቸ	U+1214 U+1278
ሔች	U+1214 U+127D
ሔኅ	U+1214 U+1285
ሔነ	U+1214 U+1290
ሔኑ	U+1214 U+1291
ሔና	U+1214 U+1293
ሔን	U+1214 U+1295
ሔኖ	U+1214 U+1296
ሔኘ	U+1214 U+1298
ሔኙ	U+1214 U+1299
ሔኝ	U+1214 U+129D
ሔከ	U+1214 U+12A8
ሔካ	U+1214 U+12AB
ሔኬ	U+1214 U+12AC
ሔክ	U+1214 U+12AD
ሔኮ	U+1214 U+12AE
ሔዊ	U+1214 U+12CA
ሔዋ	U+1214 U+12CB
ሔዓ	U+1214 U+12D3
ሔየ	U+1214 U+12E8
ሔዮ	U+1214 U+12EE
ሔገ	U+1214 U+1308
ሔጉ	U+1214 U+1309
ሔጊ	U+1214 U+130A
ሔግ	U+1214 U+130D
ሔጎ	U+1214 U+130E
ሔጠ	U+1214 U+1320
ሔጣ	U+1214 U+1323
ሔጥ	U+1214 U+1325
ሔጨ	U+1214 U+1328
ሔጭ	U+1214 U+132D
ሔፉ	U+1214 U+1349
ሔ፡	U+1214 U+1361
ሔ፣	U+1214 U+1363
ሕህ	U+1215 U+1205
ሕላ	U+1215 U+120B
ሕመ	U+1215 U+1218
ሕሙ	U+1215 U+1219
ሕሚ	U+1215 U+121A
ሕማ	U+1215 U+121B
ሕሜ	U+1215 U+121C
ሕም	U+1215 U+121D
ሕሞ	U+1215 U+121E
ሕሟ	U+1215 U+121F
ሕሥ	U+1215 U+1225
ሕሩ	U+1215 U+1229
ሕሳ	U+1215 U+1233
ሕሸ	U+1215 U+1238
ሕሻ	U+1215 U+123B
ሕሽ	U+1215 U+123D
ሕቀ	U+1215 U+1240
ሕቁ	U+1215 U+1241
ሕቅ	U+1215 U+1245
ሕባ	U+1215 U+1263
ሕብ	U+1215 U+1265
ሕተ	U+1215 U+1270
ሕቱ	U+1215 U+1271
ሕቴ	U+1215 U+1274
ሕት	U+1215 U+1275
ሕቶ	U+1215 U+1276
ሕቸ	U+1215 U+1278
ሕች	U+1215 U+127D
ሕኅ	U+1215 U+1285
ሕነ	U+1215 U+1290
ሕኑ	U+1215 U+1291
ሕና	U+1215 U+1293
ሕን	U+1215 U+1295
ሕኖ	U+1215 U+1296
ሕኘ	U+1215 U+1298
ሕኙ	U+1215 U+1299
ሕኝ	U+1215 U+129D
ሕከ	U+1215 U+12A8
ሕካ	U+1215 U+12AB
ሕኬ	U+1215 U+12AC
ሕክ	U+1215 U+12AD
ሕኮ	U+1215 U+12AE
ሕወ	U+1215 U+12C8
ሕዊ	U+1215 U+12CA
ሕዋ	U+1215 U+12CB
ሕው	U+1215 U+12CD
ሕዓ	U+1215 U+12D3
ሕየ	U+1215 U+12E8
ሕዮ	U+1215 U+12EE
ሕዱ	U+1215 U+12F1
ሕዲ	U+1215 U+12F2
ሕዳ	U+1215 U+12F3
ሕጂ	U+1215 U+1302
ሕገ	U+1215 U+1308
ሕጉ	U+1215 U+1309
ሕጊ	U+1215 U+130A
ሕግ	U+1215 U+130D
ሕጎ	U+1215 U+130E
ሕጣ	U+1215 U+1323
ሕጥ	U+1215 U+1325
ሕጭ	U+1215 U+132D
ሕጻ	U+1215 U+133B
ሕፉ	U+1215 U+1349
ሕፍ	U+1215 U+134D
ሕ፡	U+1215 U+1361
ሕ።	U+1215 U+1362
ሕ፣	U+1215 U+1363
ሕ፦	U+1215 U+1366
መሐ	U+1218 U+1210
መሔ	U+1218 U+1214
መሕ	U+1218 U+1215
መሥ	U+1218 U+1225
መረ	U+1218 U+1228
መሪ	U+1218 U+122A
መራ	U+1218 U+122B
መሯ	U+1218 U+122F
መቃ	U+1218 U+1243
መታ	U+1218 U+1273
መአ	U+1218 U+12A0
መኢ	U+1218 U+12A2
መእ	U+1218 U+12A5
መዶ	U+1218 U+12F6
መጂ	U+1218 U+1302
መጆ	U+1218 U+1306
መጋ	U+1218 U+130B
መጠ	U+1218 U+1320
መጨ	U+1218 U+1328
መጭ	U+1218 U+132D
መፈ	U+1218 U+1348
መፊ	U+1218 U+134A
መ፡	U+1218 U+1361
መ፣	U+1218 U+1363
ሙሀ	U+1219 U+1200
ሙሁ	U+1219 U+1201
ሙሆ	U+1219 U+1206
ሙሐ	U+1219 U+1210
ሙሔ	U+1219 U+1214
ሙሥ	U+1219 U+1225
ሙረ	U+1219 U+1228
ሙሪ	U+1219 U+122A
ሙራ	U+1219 U+122B
ሙሯ	U+1219 U+122F
ሙቃ	U+1219 U+1243
ሙታ	U+1219 U+1273
ሙኘ	U+1219 U+1298
ሙኙ	U+1219 U+1299
ሙአ	U+1219 U+12A0
ሙኢ	U+1219 U+12A2
ሙእ	U+1219 U+12A5
ሙዱ	U+1219 U+12F1
ሙዲ	U+1219 U+12F2
ሙዳ	U+1219 U+12F3
ሙጂ	U+1219 U+1302
ሙጋ	U+1219 U+130B
ሙጠ	U+1219 U+1320
ሙጨ	U+1219 U+1328
ሙጭ	U+1219 U+132D
ሙጵ	U+1219 U+1335
ሙፈ	U+1219 U+1348
ሙፊ	U+1219 U+134A
ሙ፡	U+1219 U+1361
ሙ፣	U+1219 U+1363
ሚሀ	U+121A U+1200
ሚሁ	U+121A U+1201
ሚሆ	U+121A U+1206
ሚላ	U+121A U+120B
ሚሚ	U+121A U+121A
ሚማ	U+121A U+121B
ሚሜ	U+121A U+121C
ሚሞ	U+121A U+121E
ሚሟ	U+121A U+121F
ሚሩ	U+121A U+1229
ሚሳ	U+121A U+1233
ሚሻ	U+121A U+123B
ሚሽ	U+121A U+123D
ሚቀ	U+121A U+1240
ሚቁ	U+121A U+1241
ሚቅ	U+121A U+1245
ሚባ	U+121A U+1263
ሚብ	U+121A U+1265
ሚኅ	U+121A U+1285
ሚነ	U+121A U+1290
ሚኑ	U+121A U+1291
ሚና	U+121A U+1293
ሚን	U+121A U+1295
ሚኖ	U+121A U+1296
ሚኘ	U+121A U+1298
ሚኙ	U+121A U+1299
ሚኝ	U+121A U+129D
ሚከ	U+121A U+12A8
ሚካ	U+121A U+12AB
ሚኬ	U+121A U+12AC
ሚክ	U+121A U+12AD
ሚኮ	U+121A U+12AE
ሚዊ	U+121A U+12CA
ሚዋ	U+121A U+12CB
ሚዓ	U+121A U+12D3
ሚዘ	U+121A U+12D8
ሚዚ	U+121A U+12DA
ሚየ	U+121A U+12E8
ሚዮ	U+121A U+12EE
ሚገ	U+121A U+1308
ሚጉ	U+121A U+1309
ሚጊ	U+121A U+130A
ሚግ	U+121A U+130D
ሚጎ	U+121A U+130E
ሚጣ	U+121A U+1323
ሚጥ	U+121A U+1325
ሚጭ	U+121A U+132D
ሚጵ	U+121A U+1335
ሚጻ	U+121A U+133B
ሚፉ	U+121A U+1349
ሚ፡	U+121A U+1361
ሚ፣	U+121A U+1363
ሚ፦	U+121A U+1366
ማሐ	U+121B U+1210
ማሔ	U+121B U+1214
ማሕ	U+121B U+1215
ማሥ	U+121B U+1225
ማረ	U+121B U+1228
ማሪ	U+121B U+122A
ማራ	U+121B U+122B
ማሯ	U+121B U+122F
ማስ	U+121B U+1235
ማቃ	U+121B U+1243
ማቆ	U+121B U+1246
ማታ	U+121B U+1273
ማቻ	U+121B U+127B
ማኃ	U+121B U+1283
ማአ	U+121B U+12A0
ማኢ	U+121B U+12A2
ማእ	U+121B U+12A5
ማዕ	U+121B U+12D5
ማያ	U+121B U+12EB
ማይ	U+121B U+12ED
ማደ	U+121B U+12F0
ማዱ	U+121B U+12F1
ማዲ	U+121B U+12F2
ማዳ	U+121B U+12F3
ማድ	U+121B U+12F5
ማዶ	U+121B U+12F6
ማጆ	U+121B U+1306
ማጋ	U+121B U+130B
ማጠ	U+121B U+1320
ማጥ	U+121B U+1325
ማጨ	U+121B U+1328
ማጮ	U+121B U+132E
ማጵ	U+121B U+1335
ማጻ	U+121B U+133B
ማፈ	U+121B U+1348
ማፊ	U+121B U+134A
ማ፡	U+121B U+1361
ሜላ	U+121C U+120B
ሜሐ	U+121C U+1210
ሜሔ	U+121C U+1214
ሜሚ	U+121C U+121A
ሜማ	U+121C U+121B
ሜሜ	U+121C U+121C
ሜሞ	U+121C U+121E
ሜሟ	U+121C U+121F
ሜብ	U+121C U+1265
ሜኅ	U+121C U+1285
ሜነ	U+121C U+1290
ሜኑ	U+121C U+1291
ሜና	U+121C U+1293
ሜን	U+121C U+1295
ሜኖ	U+121C U+1296
ሜኘ	U+121C U+1298
ሜኙ	U+121C U+1299
ሜኝ	U+121C U+129D
ሜከ	U+121C U+12A8
ሜካ	U+121C U+12AB
ሜኬ	U+121C U+12AC
ሜክ	U+121C U+12AD
ሜኮ	U+121C U+12AE
ሜዊ	U+121C U+12CA
ሜዋ	U+121C U+12CB
ሜዓ	U+121C U+12D3
ሜየ	U+121C U+12E8
ሜዮ	U+121C U+12EE
ሜገ	U+121C U+1308
ሜጉ	U+121C U+1309
ሜጊ	U+121C U+130A
ሜግ	U+121C U+130D
ሜጎ	U+121C U+130E
ሜጠ	U+121C U+1320
ሜጣ	U+121C U+1323
ሜጥ	U+121C U+1325
ሜጨ	U+121C U+1328
ሜጭ	U+121C U+132D
ሜፉ	U+121C U+1349
ሜ፡	U+121C U+1361
ሜ፣	U+121C U+1363
ምሀ	U+121D U+1200
ምሁ	U+121D U+1201
ምሆ	U+121D U+1206
ምለ	U+121D U+1208
ምሉ	U+121D U+1209
ምሊ	U+121D U+120A
ምላ	U+121D U+120B
ምሌ	U+121D U+120C
ምል	U+121D U+120D
ምሎ	U+121D U+120E
ምሐ	U+121D U+1210
ምሔ	U+121D U+1214
ምሕ	U+121D U+1215
ምሥ	U+121D U+1225
ምረ	U+121D U+1228
ምሪ	U+121D U+122A
ምራ	U+121D U+122B
ምር	U+121D U+122D
ምሮ	U+121D U+122E
ምሯ	U+121D U+122F
ምሰ	U+121D U+1230
ምሲ	U+121D U+1232
ምሴ	U+121D U+1234
ምስ	U+121D U+1235
ምሶ	U+121D U+1236
ምቃ	U+121D U+1243
ምቅ	U+121D U+1245
ምቆ	U+121D U+1246
ምቋ	U+121D U+124B
ምታ	U+121D U+1273
ምቻ	U+121D U+127B
ምን	U+121D U+1295
ምአ	U+121D U+12A0
ምኢ	U+121D U+12A2
ምእ	U+121D U+12A5
ምወ	U+121D U+12C8
ምው	U+121D U+12CD
ምዐ	U+121D U+12D0
ምዕ	U+121D U+12D5
ምያ	U+121D U+12EB
ምይ	U+121D U+12ED
ምደ	U+121D U+12F0
ምዱ	U+121D U+12F1
ምዲ	U+121D U+12F2
ምዳ	U+121D U+12F3
ምድ	U+121D U+12F5
ምዶ	U+121D U+12F6
ምጂ	U+121D U+1302
ምጅ	U+121D U+1305
ምጆ	U+121D U+1306
ምጋ	U+121D U+130B
ምጎ	U+121D U+130E
ምጠ	U+121D U+1320
ምጨ	U+121D U+1328
ምጮ	U+121D U+132E
ምጵ	U+121D U+1335
ምፈ	U+121D U+1348
ምፊ	U+121D U+134A
ሞሀ	U+121E U+1200
ሞሁ	U+121E U+1201
ሞሆ	U+121E U+1206
ሞለ	U+121E U+1208
ሞሉ	U+121E U+1209
ሞሊ	U+121E U+120A
ሞላ	U+121E U+120B
ሞሌ	U+121E U+120C
ሞል	U+121E U+120D
ሞሎ	U+121E U+120E
ሞሐ	U+121E U+1210
ሞሔ	U+121E U+1214
ሞሕ	U+121E U+1215
ሞሥ	U+121E U+1225
ሞረ	U+121E U+1228
ሞሪ	U+121E U+122A
ሞራ	U+121E U+122B
ሞር	U+121E U+122D
ሞሮ	U+121E U+122E
ሞሯ	U+121E U+122F
ሞሰ	U+121E U+1230
ሞሲ	U+121E U+1232
ሞሴ	U+121E U+1234
ሞስ	U+121E U+1235
ሞሶ	U+121E U+1236
ሞቃ	U+121E U+1243
ሞቅ	U+121E U+1245
ሞቆ	U+121E U+1246
ሞቋ	U+121E U+124B
ሞታ	U+121E U+1273
ሞቻ	U+121E U+127B
ሞን	U+121E U+1295
ሞአ	U+121E U+12A0
ሞኢ	U+121E U+12A2
ሞእ	U+121E U+12A5
ሞወ	U+121E U+12C8
ሞው	U+121E U+12CD
ሞዐ	U+121E U+12D0
ሞዕ	U+121E U+12D5
ሞያ	U+121E U+12EB
ሞይ	U+121E U+12ED
ሞደ	U+121E U+12F0
ሞዱ	U+121E U+12F1
ሞዲ	U+121E U+12F2
ሞዳ	U+121E U+12F3
ሞድ	U+121E U+12F5
ሞዶ	U+121E U+12F6
ሞጂ	U+121E U+1302
ሞጅ	U+121E U+1305
ሞጆ	U+121E U+1306
ሞጋ	U+121E U+130B
ሞጎ	U+121E U+130E
ሞጠ	U+121E U+1320
ሞጨ	U+121E U+1328
ሞጮ	U+121E U+132E
ሞጵ	U+121E U+1335
ሞፈ	U+121E U+1348
ሞፊ	U+121E U+134A
ሟሀ	U+121F U+1200
ሟሁ	U+121F U+1201
ሟሆ	U+121F U+1206
ሟላ	U+121F U+120B
ሟሐ	U+121F U+1210
ሟሔ	U+121F U+1214
ሟመ	U+121F U+1218
ሟሙ	U+121F U+1219
ሟሚ	U+121F U+121A
ሟማ	U+121F U+121B
ሟሜ	U+121F U+121C
ሟሞ	U+121F U+121E
ሟሟ	U+121F U+121F
ሟሠ	U+121F U+1220
ሟሡ	U+121F U+1221
ሟሩ	U+121F U+1229
ሟሳ	U+121F U+1233
ሟሻ	U+121F U+123B
ሟቀ	U+121F U+1240
ሟቁ	U+121F U+1241
ሟቅ	U+121F U+1245
ሟቆ	U+121F U+1246
ሟባ	U+121F U+1263
ሟብ	U+121F U+1265
ሟተ	U+121F U+1270
ሟቱ	U+121F U+1271
ሟቴ	U+121F U+1274
ሟት	U+121F U+1275
ሟቶ	U+121F U+1276
ሟቸ	U+121F U+1278
ሟች	U+121F U+127D
ሟኅ	U+121F U+1285
ሟነ	U+121F U+1290
ሟኑ	U+121F U+1291
ሟና	U+121F U+1293
ሟን	U+121F U+1295
ሟኖ	U+121F U+1296
ሟኘ	U+121F U+1298
ሟኙ	U+121F U+1299
ሟኝ	U+121F U+129D
ሟከ	U+121F U+12A8
ሟካ	U+121F U+12AB
ሟኬ	U+121F U+12AC
ሟክ	U+121F U+12AD
ሟኮ	U+121F U+12AE
ሟወ	U+121F U+12C8
ሟዊ	U+121F U+12CA
ሟዋ	U+121F U+12CB
ሟው	U+121F U+12CD
ሟዓ	U+121F U+12D3
ሟየ	U+121F U+12E8
ሟዮ	U+121F U+12EE
ሟዱ	U+121F U+12F1
ሟዲ	U+121F U+12F2
ሟዳ	U+121F U+12F3
ሟገ	U+121F U+1308
ሟጉ	U+121F U+1309
ሟጊ	U+121F U+130A
ሟግ	U+121F U+130D
ሟጎ	U+121F U+130E
ሟጣ	U+121F U+1323
ሟጥ	U+121F U+1325
ሟጭ	U+121F U+132D
ሟጻ	U+121F U+133B
ሟፉ	U+121F U+1349
ሟ፡	U+121F U+1361
ሟ፣	U+121F U+1363
ሟ፦	U+121F U+1366
ሠለ	U+1220 U+1208
ሠሉ	U+1220 U+1209
ሠሊ	U+1220 U+120A
ሠላ	U+1220 U+120B
ሠሌ	U+1220 U+120C
ሠል	U+1220 U+120D
ሠሎ	U+1220 U+120E
ሠሐ	U+1220 U+1210
ሠሔ	U+1220 U+1214
ሠሕ	U+1220 U+1215
ሠሥ	U+1220 U+1225
ሠረ	U+1220 U+1228
ሠሪ	U+1220 U+122A
ሠራ	U+1220 U+122B
ሠሯ	U+1220 U+122F
ሠቃ	U+1220 U+1243
ሠታ	U+1220 U+1273
ሠአ	U+1220 U+12A0
ሠኢ	U+1220 U+12A2
ሠእ	U+1220 U+12A5
ሠዶ	U+1220 U+12F6
ሠጂ	U+1220 U+1302
ሠጆ	U+1220 U+1306
ሠጋ	U+1220 U+130B
ሠጠ	U+1220 U+1320
ሠጨ	U+1220 U+1328
ሠጵ	U+1220 U+1335
ሠፈ	U+1220 U+1348
ሠፊ	U+1220 U+134A
ሠ፡	U+1220 U+1361
ሡሐ	U+1221 U+1210
ሡሔ	U+1221 U+1214
ሡሥ	U+1221 U+1225
ሡረ	U+1221 U+1228
ሡሪ	U+1221 U+122A
ሡራ	U+1221 U+122B
ሡሯ	U+1221 U+122F
ሡቃ	U+1221 U+1243
ሡና	U+1221 U+1293
ሡኖ	U+1221 U+1296
ሡኘ	U+1221 U+1298
ሡኙ	U+1221 U+1299
ሡአ	U+1221 U+12A0
ሡኢ	U+1221 U+12A2
ሡእ	U+1221 U+12A5
ሡጂ	U+1221 U+1302
ሡጋ	U+1221 U+130B
ሡጭ	U+1221 U+132D
ሡጵ	U+1221 U+1335
ሡጻ	U+1221 U+133B
ሡ፡	U+1221 U+1361
ሡ፣	U+1221 U+1363
ሥሀ	U+1225 U+1200
ሥሁ	U+1225 U+1201
ሥሆ	U+1225 U+1206
ሥለ	U+1225 U+1208
ሥሉ	U+1225 U+1209
ሥሊ	U+1225 U+120A
ሥላ	U+1225 U+120B
ሥሌ	U+1225 U+120C
ሥል	U+1225 U+120D
ሥሎ	U+1225 U+120E
ሥሐ	U+1225 U+1210
ሥሔ	U+1225 U+1214
ሥሕ	U+1225 U+1215
ሥመ	U+1225 U+1218
ሥሙ	U+1225 U+1219
ሥሠ	U+1225 U+1220
ሥሡ	U+1225 U+1221
ሥሥ	U+1225 U+1225
ሥረ	U+1225 U+1228
ሥሩ	U+1225 U+1229
ሥሪ	U+1225 U+122A
ሥራ	U+1225 U+122B
ሥር	U+1225 U+122D
ሥሮ	U+1225 U+122E
ሥሯ	U+1225 U+122F
ሥሰ	U+1225 U+1230
ሥሲ	U+1225 U+1232
ሥሳ	U+1225 U+1233
ሥሴ	U+1225 U+1234
ሥስ	U+1225 U+1235
ሥሶ	U+1225 U+1236
ሥቀ	U+1225 U+1240
ሥቁ	U+1225 U+1241
ሥቃ	U+1225 U+1243
ሥቆ	U+1225 U+1246
ሥቋ	U+1225 U+124B
ሥበ	U+1225 U+1260
ሥቢ	U+1225 U+1262
ሥባ	U+1225 U+1263
ሥቦ	U+1225 U+1266
ሥተ	U+1225 U+1270
ሥቱ	U+1225 U+1271
ሥታ	U+1225 U+1273
ሥቴ	U+1225 U+1274
ሥቶ	U+1225 U+1276
ሥቸ	U+1225 U+1278
ሥቻ	U+1225 U+127B
ሥኃ	U+1225 U+1283
ሥኅ	U+1225 U+1285
ሥአ	U+1225 U+12A0
ሥኢ	U+1225 U+12A2
ሥእ	U+1225 U+12A5
ሥወ	U+1225 U+12C8
ሥው	U+1225 U+12CD
ሥዐ	U+1225 U+12D0
ሥዕ	U+1225 U+12D5
ሥያ	U+1225 U+12EB
ሥይ	U+1225 U+12ED
ሥደ	U+1225 U+12F0
ሥዱ	U+1225 U+12F1
ሥዲ	U+1225 U+12F2
ሥዳ	U+1225 U+12F3
ሥድ	U+1225 U+12F5
ሥዶ	U+1225 U+12F6
ሥጂ	U+1225 U+1302
ሥጅ	U+1225 U+1305
ሥጆ	U+1225 U+1306
ሥጋ	U+1225 U+130B
ሥጠ	U+1225 U+1320
ሥጣ	U+1225 U+1323
ሥጥ	U+1225 U+1325
ሥጨ	U+1225 U+1328
ሥጮ	U+1225 U+132E
ሥጵ	U+1225 U+1335
ሥጻ	U+1225 U+133B
ሥፈ	U+1225 U+1348
ሥፉ	U+1225 U+1349
ሥፊ	U+1225 U+134A
ረሀ	U+1228 U+1200
ረሁ	U+1228 U+1201
ረሆ	U+1228 U+1206
ረላ	U+1228 U+120B
ረባ	U+1228 U+1263
ረነ	U+1228 U+1290
ረኑ	U+1228 U+1291
ረና	U+1228 U+1293
ረኖ	U+1228 U+1296
ረኘ	U+1228 U+1298
ረኙ	U+1228 U+1299
ረከ	U+1228 U+12A8
ረካ	U+1228 U+12AB
ረኬ	U+1228 U+12AC
ረክ	U+1228 U+12AD
ረኮ	U+1228 U+12AE
ረዘ	U+1228 U+12D8
ረዚ	U+1228 U+12DA
ረጨ	U+1228 U+1328
ረጭ	U+1228 U+132D
ረጵ	U+1228 U+1335
ረጻ	U+1228 U+133B
ረ፡	U+1228 U+1361
ረ፣	U+1228 U+1363
ረ፦	U+1228 U+1366
ሩቃ	U+1229 U+1243
ሩታ	U+1229 U+1273
ሩኅ	U+1229 U+1285
ሩነ	U+1229 U+1290
ሩኑ	U+1229 U+1291
ሩና	U+1229 U+1293
ሩን	U+1229 U+1295
ሩኖ	U+1229 U+1296
ሩኘ	U+1229 U+1298
ሩኙ	U+1229 U+1299
ሩኝ	U+1229 U+129D
ሩከ	U+1229 U+12A8
ሩካ	U+1229 U+12AB
ሩኬ	U+1229 U+12AC
ሩክ	U+1229 U+12AD
ሩኮ	U+1229 U+12AE
ሩገ	U+1229 U+1308
ሩጉ	U+1229 U+1309
ሩጊ	U+1229 U+130A
ሩግ	U+1229 U+130D
ሩጎ	U+1229 U+130E
ሩጨ	U+1229 U+1328
ሩጵ	U+1229 U+1335
ሩጻ	U+1229 U+133B
ሩ፡	U+1229 U+1361
ሩ፣	U+1229 U+1363
ሪሀ	U+122A U+1200
ሪሁ	U+122A U+1201
ሪህ	U+122A U+1205
ሪሆ	U+122A U+1206
ሪላ	U+122A U+120B
ሪሚ	U+122A U+121A
ሪማ	U+122A U+121B
ሪሜ	U+122A U+121C
ሪም	U+122A U+121D
ሪሞ	U+122A U+121E
ሪሟ	U+122A U+121F
ሪሩ	U+122A U+1229
ሪቀ	U+122A U+1240
ሪቁ	U+122A U+1241
ሪቅ	U+122A U+1245
ሪብ	U+122A U+1265
ሪተ	U+122A U+1270
ሪቱ	U+122A U+1271
ሪቴ	U+122A U+1274
ሪት	U+122A U+1275
ሪቶ	U+122A U+1276
ሪቸ	U+122A U+1278
ሪች	U+122A U+127D
ሪኅ	U+122A U+1285
ሪነ	U+122A U+1290
ሪኑ	U+122A U+1291
ሪና	U+122A U+1293
ሪኖ	U+122A U+1296
ሪኘ	U+122A U+1298
ሪኙ	U+122A U+1299
ሪኝ	U+122A U+129D
ሪከ	U+122A U+12A8
ሪካ	U+122A U+12AB
ሪኬ	U+122A U+12AC
ሪክ	U+122A U+12AD
ሪኮ	U+122A U+12AE
ሪዊ	U+122A U+12CA
ሪዋ	U+122A U+12CB
ሪዓ	U+122A U+12D3
ሪየ	U+122A U+12E8
ሪዮ	U+122A U+12EE
ሪግ	U+122A U+130D
ሪጎ	U+122A U+130E
ሪጥ	U+122A U+1325
ሪጭ	U+122A U+132D
ሪጵ	U+122A U+1335
ሪጻ	U+122A U+133B
ሪፉ	U+122A U+1349
ሪ፡	U+122A U+1361
ሪ፣	U+122A U+1363
ራለ	U+122B U+1208
ራሉ	U+122B U+1209
ራሊ	U+122B U+120A
ራሌ	U+122B U+120C
ራል	U+122B U+120D
ራሎ	U+122B U+120E
ራኅ	U+122B U+1285
ራነ	U+122B U+1290
ራኑ	U+122B U+1291
ራን	U+122B U+1295
ራኘ	U+122B U+1298
ራኙ	U+122B U+1299
ራኝ	U+122B U+129D
ራካ	U+122B U+12AB
ራዊ	U+122B U+12CA
ራዋ	U+122B U+12CB
ራገ	U+122B U+1308
ራጉ	U+122B U+1309
ራጊ	U+122B U+130A
ራግ	U+122B U+130D
ራጎ	U+122B U+130E
ራ፣	U+122B U+1363
ርሀ	U+122D U+1200
ርሁ	U+122D U+1201
ርሆ	U+122D U+1206
ርላ	U+122D U+120B
ርነ	U+122D U+1290
ርኑ	U+122D U+1291
ርካ	U+122D U+12AB
ርጻ	U+122D U+133B
ሮሀ	U+122E U+1200
ሮሁ	U+122E U+1201
ሮሆ	U+122E U+1206
ሮለ	U+122E U+1208
ሮሉ	U+122E U+1209
ሮሊ	U+122E U+120A
ሮላ	U+122E U+120B
ሮሌ	U+122E U+120C
ሮል	U+122E U+120D
ሮሎ	U+122E U+120E
ሮሐ	U+122E U+1210
ሮሔ	U+122E U+1214
ሮሕ	U+122E U+1215
ሮመ	U+122E U+1218
ሮሙ	U+122E U+1219
ሮሥ	U+122E U+1225
ሮረ	U+122E U+1228
ሮሩ	U+122E U+1229
ሮሪ	U+122E U+122A
ሮራ	U+122E U+122B
ሮር	U+122E U+122D
ሮሮ	U+122E U+122E
ሮሯ	U+122E U+122F
ሮሰ	U+122E U+1230
ሮሲ	U+122E U+1232
ሮሳ	U+122E U+1233
ሮሴ	U+122E U+1234
ሮስ	U+122E U+1235
ሮሶ	U+122E U+1236
ሮሻ	U+122E U+123B
ሮቀ	U+122E U+1240
ሮቁ	U+122E U+1241
ሮቃ	U+122E U+1243
ሮቅ	U+122E U+1245
ሮቆ	U+122E U+1246
ሮቋ	U+122E U+124B
ሮባ	U+122E U+1263
ሮብ	U+122E U+1265
ሮተ	U+122E U+1270
ሮቱ	U+122E U+1271
ሮታ	U+122E U+1273
ሮቴ	U+122E U+1274
ሮት	U+122E U+1275
ሮቶ	U+122E U+1276
ሮቸ	U+122E U+1278
ሮቻ	U+122E U+127B
ሮች	U+122E U+127D
ሮኃ	U+122E U+1283
ሮኅ	U+122E U+1285
ሮአ	U+122E U+12A0
ሮኢ	U+122E U+12A2
ሮእ	U+122E U+12A5
ሮወ	U+122E U+12C8
ሮው	U+122E U+12CD
ሮዐ	U+122E U+12D0
ሮዕ	U+122E U+12D5
ሮዘ	U+122E U+12D8
ሮዚ	U+122E U+12DA
ሮያ	U+122E U+12EB
ሮይ	U+122E U+12ED
ሮደ	U+122E U+12F0
ሮዱ	U+122E U+12F1
ሮዲ	U+122E U+12F2
ሮዳ	U+122E U+12F3
ሮድ	U+122E U+12F5
ሮዶ	U+122E U+12F6
ሮጂ	U+122E U+1302
ሮጅ	U+122E U+1305
ሮጆ	U+122E U+1306
ሮጋ	U+122E U+130B
ሮጠ	U+122E U+1320
ሮጣ	U+122E U+1323
ሮጥ	U+122E U+1325
ሮጨ	U+122E U+1328
ሮጭ	U+122E U+132D
ሮጮ	U+122E U+132E
ሮጵ	U+122E U+1335
ሮጻ	U+122E U+133B
ሮፈ	U+122E U+1348
ሮፉ	U+122E U+1349
ሮፊ	U+122E U+134A
ሮፍ	U+122E U+134D
ሮ፡	U+122E U+1361
ሮ።	U+122E U+1362
ሮ፦	U+122E U+1366
ሯላ	U+122F U+120B
ሯቃ	U+122F U+1243
ሯታ	U+122F U+1273
ሯኃ	U+122F U+1283
ሯኅ	U+122F U+1285
ሯና	U+122F U+1293
ሯኖ	U+122F U+1296
ሯጎ	U+122F U+130E
ሯጥ	U+122F U+1325
ሯጭ	U+122F U+132D
ሯጵ	U+122F U+1335
ሯጻ	U+122F U+133B
ሯ፡	U+122F U+1361
ሯ፣	U+122F U+1363
ሯ፦	U+122F U+1366
ሰሀ	U+1230 U+1200
ሰሁ	U+1230 U+1201
ሰሆ	U+1230 U+1206
ሰላ	U+1230 U+120B
ሰሚ	U+1230 U+121A
ሰማ	U+1230 U+121B
ሰሜ	U+1230 U+121C
ሰም	U+1230 U+121D
ሰሞ	U+1230 U+121E
ሰሟ	U+1230 U+121F
ሰሠ	U+1230 U+1220
ሰሡ	U+1230 U+1221
ሰስ	U+1230 U+1235
ሰሸ	U+1230 U+1238
ሰሻ	U+1230 U+123B
ሰሽ	U+1230 U+123D
ሰቀ	U+1230 U+1240
ሰቁ	U+1230 U+1241
ሰባ	U+1230 U+1263
ሰብ	U+1230 U+1265
ሰተ	U+1230 U+1270
ሰቱ	U+1230 U+1271
ሰቴ	U+1230 U+1274
ሰቶ	U+1230 U+1276
ሰቸ	U+1230 U+1278
ሰኅ	U+1230 U+1285
ሰነ	U+1230 U+1290
ሰኑ	U+1230 U+1291
ሰና	U+1230 U+1293
ሰን	U+1230 U+1295
ሰኖ	U+1230 U+1296
ሰኘ	U+1230 U+1298
ሰኙ	U+1230 U+1299
ሰኝ	U+1230 U+129D
ሰካ	U+1230 U+12AB
ሰወ	U+1230 U+12C8
ሰዊ	U+1230 U+12CA
ሰዋ	U+1230 U+12CB
ሰው	U+1230 U+12CD
ሰዓ	U+1230 U+12D3
ሰየ	U+1230 U+12E8
ሰዮ	U+1230 U+12EE
ሰዱ	U+1230 U+12F1
ሰዲ	U+1230 U+12F2
ሰዳ	U+1230 U+12F3
ሰጂ	U+1230 U+1302
ሰገ	U+1230 U+1308
ሰጉ	U+1230 U+1309
ሰጊ	U+1230 U+130A
ሰግ	U+1230 U+130D
ሰጎ	U+1230 U+130E
ሰጣ	U+1230 U+1323
ሰጥ	U+1230 U+1325
ሰጻ	U+1230 U+133B
ሰፉ	U+1230 U+1349
ሰፍ	U+1230 U+134D
ሰ፡	U+1230 U+1361
ሰ።	U+1230 U+1362
ሰ፣	U+1230 U+1363
ሰ፦	U+1230 U+1366
ሲሀ	U+1232 U+1200
ሲሁ	U+1232 U+1201
ሲሆ	U+1232 U+1206
ሲላ	U+1232 U+120B
ሲመ	U+1232 U+1218
ሲሙ	U+1232 U+1219
ሲሚ	U+1232 U+121A
ሲማ	U+1232 U+121B
ሲሜ	U+1232 U+121C
ሲሞ	U+1232 U+121E
ሲሟ	U+1232 U+121F
ሲሩ	U+1232 U+1229
ሲሳ	U+1232 U+1233
ሲሻ	U+1232 U+123B
ሲቀ	U+1232 U+1240
ሲቁ	U+1232 U+1241
ሲቅ	U+1232 U+1245
ሲቆ	U+1232 U+1246
ሲባ	U+1232 U+1263
ሲብ	U+1232 U+1265
ሲተ	U+1232 U+1270
ሲቱ	U+1232 U+1271
ሲቴ	U+1232 U+1274
ሲት	U+1232 U+1275
ሲቶ	U+1232 U+1276
ሲቸ	U+1232 U+1278
ሲች	U+1232 U+127D
ሲኅ	U+1232 U+1285
ሲነ	U+1232 U+1290
ሲኑ	U+1232 U+1291
ሲና	U+1232 U+1293
ሲን	U+1232 U+1295
ሲኖ	U+1232 U+1296
ሲኘ	U+1232 U+1298
ሲኙ	U+1232 U+1299
ሲኝ	U+1232 U+129D
ሲከ	U+1232 U+12A8
ሲካ	U+1232 U+12AB
ሲኬ	U+1232 U+12AC
ሲክ	U+1232 U+12AD
ሲኮ	U+1232 U+12AE
ሲዊ	U+1232 U+12CA
ሲዋ	U+1232 U+12CB
ሲዓ	U+1232 U+12D3
ሲየ	U+1232 U+12E8
ሲዮ	U+1232 U+12EE
ሲዱ	U+1232 U+12F1
ሲዲ	U+1232 U+12F2
ሲዳ	U+1232 U+12F3
ሲገ	U+1232 U+1308
ሲጉ	U+1232 U+1309
ሲጊ	U+1232 U+130A
ሲግ	U+1232 U+130D
ሲጎ	U+1232 U+130E
ሲጠ	U+1232 U+1320
ሲጣ	U+1232 U+1323
ሲጥ	U+1232 U+1325
ሲጭ	U+1232 U+132D
ሲፉ	U+1232 U+1349
ሲ፡	U+1232 U+1361
ሲ፣	U+1232 U+1363
ሲ፦	U+1232 U+1366
ሳሀ	U+1233 U+1200
ሳሁ	U+1233 U+1201
ሳሆ	U+1233 U+1206
ሳላ	U+1233 U+120B
ሳሚ	U+1233 U+121A
ሳማ	U+1233 U+121B
ሳሜ	U+1233 U+121C
ሳም	U+1233 U+121D
ሳሞ	U+1233 U+121E
ሳሟ	U+1233 U+121F
ሳሠ	U+1233 U+1220
ሳሡ	U+1233 U+1221
ሳስ	U+1233 U+1235
ሳሸ	U+1233 U+1238
ሳሻ	U+1233 U+123B
ሳሽ	U+1233 U+123D
ሳቀ	U+1233 U+1240
ሳቁ	U+1233 U+1241
ሳባ	U+1233 U+1263
ሳብ	U+1233 U+1265
ሳተ	U+1233 U+1270
ሳቱ	U+1233 U+1271
ሳቴ	U+1233 U+1274
ሳቶ	U+1233 U+1276
ሳቸ	U+1233 U+1278
ሳኅ	U+1233 U+1285
ሳነ	U+1233 U+1290
ሳኑ	U+1233 U+1291
ሳና	U+1233 U+1293
ሳን	U+1233 U+1295
ሳኖ	U+1233 U+1296
ሳኘ	U+1233 U+1298
ሳኙ	U+1233 U+1299
ሳኝ	U+1233 U+129D
ሳካ	U+1233 U+12AB
ሳወ	U+1233 U+12C8
ሳዊ	U+1233 U+12CA
ሳዋ	U+1233 U+12CB
ሳው	U+1233 U+12CD
ሳዓ	U+1233 U+12D3
ሳየ	U+1233 U+12E8
ሳዮ	U+1233 U+12EE
ሳዱ	U+1233 U+12F1
ሳዲ	U+1233 U+12F2
ሳዳ	U+1233 U+12F3
ሳጂ	U+1233 U+1302
ሳገ	U+1233 U+1308
ሳጉ	U+1233 U+1309
ሳጊ	U+1233 U+130A
ሳግ	U+1233 U+130D
ሳጎ	U+1233 U+130E
ሳጣ	U+1233 U+1323
ሳጥ	U+1233 U+1325
ሳጻ	U+1233 U+133B
ሳፉ	U+1233 U+1349
ሳፍ	U+1233 U+134D
ሳ፡	U+1233 U+1361
ሳ።	U+1233 U+1362
ሳ፣	U+1233 U+1363
ሳ፦	U+1233 U+1366
ሴለ	U+1234 U+1208
ሴሉ	U+1234 U+1209
ሴሊ	U+1234 U+120A
ሴላ	U+1234 U+120B
ሴሌ	U+1234 U+120C
ሴል	U+1234 U+120D
ሴሎ	U+1234 U+120E
ሴሚ	U+1234 U+121A
ሴማ	U+1234 U+121B
ሴሜ	U+1234 U+121C
ሴሞ	U+1234 U+121E
ሴሟ	U+1234 U+121F
ሴሩ	U+1234 U+1229
ሴቀ	U+1234 U+1240
ሴቁ	U+1234 U+1241
ሴቅ	U+1234 U+1245
ሴብ	U+1234 U+1265
ሴተ	U+1234 U+1270
ሴቱ	U+1234 U+1271
ሴቴ	U+1234 U+1274
ሴት	U+1234 U+1275
ሴቶ	U+1234 U+1276
ሴቸ	U+1234 U+1278
ሴች	U+1234 U+127D
ሴኅ	U+1234 U+1285
ሴነ	U+1234 U+1290
ሴኑ	U+1234 U+1291
ሴና	U+1234 U+1293
ሴን	U+1234 U+1295
ሴኖ	U+1234 U+1296
ሴኘ	U+1234 U+1298
ሴኙ	U+1234 U+1299
ሴኝ	U+1234 U+129D
ሴአ	U+1234 U+12A0
ሴኢ	U+1234 U+12A2
ሴእ	U+1234 U+12A5
ሴከ	U+1234 U+12A8
ሴካ	U+1234 U+12AB
ሴኬ	U+1234 U+12AC
ሴክ	U+1234 U+12AD
ሴኮ	U+1234 U+12AE
ሴዊ	U+1234 U+12CA
ሴዋ	U+1234 U+12CB
ሴዓ	U+1234 U+12D3
ሴየ	U+1234 U+12E8
ሴዮ	U+1234 U+12EE
ሴገ	U+1234 U+1308
ሴጉ	U+1234 U+1309
ሴጊ	U+1234 U+130A
ሴግ	U+1234 U+130D
ሴጎ	U+1234 U+130E
ሴጠ	U+1234 U+1320
ሴጣ	U+1234 U+1323
ሴጥ	U+1234 U+1325
ሴጨ	U+1234 U+1328
ሴጭ	U+1234 U+132D
ሴፉ	U+1234 U+1349
ሴ፡	U+1234 U+1361
ሴ፣	U+1234 U+1363
ስሀ	U+1235 U+1200
ስሁ	U+1235 U+1201
ስሆ	U+1235 U+1206
ስላ	U+1235 U+120B
ስሚ	U+1235 U+121A
ስማ	U+1235 U+121B
ስሜ	U+1235 U+121C
ስም	U+1235 U+121D
ስሞ	U+1235 U+121E
ስሟ	U+1235 U+121F
ስሠ	U+1235 U+1220
ስሡ	U+1235 U+1221
ስስ	U+1235 U+1235
ስሸ	U+1235 U+1238
ስሻ	U+1235 U+123B
ስሽ	U+1235 U+123D
ስቀ	U+1235 U+1240
ስቁ	U+1235 U+1241
ስባ	U+1235 U+1263
ስብ	U+1235 U+1265
ስተ	U+1235 U+1270
ስቱ	U+1235 U+1271
ስቴ	U+1235 U+1274
ስቶ	U+1235 U+1276
ስቸ	U+1235 U+1278
ስኅ	U+1235 U+1285
ስነ	U+1235 U+1290
ስኑ	U+1235 U+1291
ስና	U+1235 U+1293
ስን	U+1235 U+1295
ስኖ	U+1235 U+1296
ስኘ	U+1235 U+1298
ስኙ	U+1235 U+1299
ስኝ	U+1235 U+129D
ስካ	U+1235 U+12AB
ስወ	U+1235 U+12C8
ስዊ	U+1235 U+12CA
ስዋ	U+1235 U+12CB
ስው	U+1235 U+12CD
ስዓ	U+1235 U+12D3
ስየ	U+1235 U+12E8
ስዮ	U+1235 U+12EE
ስዱ	U+1235 U+12F1
ስዲ	U+1235 U+12F2
ስዳ	U+1235 U+12F3
ስጂ	U+1235 U+1302
ስገ	U+1235 U+1308
ስጉ	U+1235 U+1309
ስጊ	U+1235 U+130A
ስግ	U+1235 U+130D
ስጎ	U+1235 U+130E
ስጣ	U+1235 U+1323
ስጥ	U+1235 U+1325
ስጻ	U+1235 U+133B
ስፉ	U+1235 U+1349
ስፍ	U+1235 U+134D
ስ፡	U+1235 U+1361
ስ።	U+1235 U+1362
ስ፣	U+1235 U+1363
ስ፦	U+1235 U+1366
ሶቃ	U+1236 U+1243
ሶታ	U+1236 U+1273
ሶነ	U+1236 U+1290
ሶኑ	U+1236 U+1291
ሶኘ	U+1236 U+1298
ሶኙ	U+1236 U+1299
ሶከ	U+1236 U+12A8
ሶካ	U+1236 U+12AB
ሶኬ	U+1236 U+12AC
ሶክ	U+1236 U+12AD
ሶኮ	U+1236 U+12AE
ሶጂ	U+1236 U+1302
ሶጠ	U+1236 U+1320
ሶጵ	U+1236 U+1335
ሶጻ	U+1236 U+133B
ሸመ	U+1238 U+1218
ሸሙ	U+1238 U+1219
ሸሚ	U+1238 U+121A
ሸማ	U+1238 U+121B
ሸሜ	U+1238 U+121C
ሸሟ	U+1238 U+121F
ሸሠ	U+1238 U+1220
ሸሡ	U+1238 U+1221
ሸረ	U+1238 U+1228
ሸሪ	U+1238 U+122A
ሸራ	U+1238 U+122B
ሸር	U+1238 U+122D
ሸሮ	U+1238 U+122E
ሸሯ	U+1238 U+122F
ሸሰ	U+1238 U+1230
ሸሲ	U+1238 U+1232
ሸሴ	U+1238 U+1234
ሸስ	U+1238 U+1235
ሸሶ	U+1238 U+1236
ሸሸ	U+1238 U+1238
ሸሻ	U+1238 U+123B
ሸሽ	U+1238 U+123D
ሸቀ	U+1238 U+1240
ሸቁ	U+1238 U+1241
ሸቃ	U+1238 U+1243
ሸቆ	U+1238 U+1246
ሸበ	U+1238 U+1260
ሸቢ	U+1238 U+1262
ሸባ	U+1238 U+1263
ሸብ	U+1238 U+1265
ሸቦ	U+1238 U+1266
ሸተ	U+1238 U+1270
ሸቱ	U+1238 U+1271
ሸቴ	U+1238 U+1274
ሸቶ	U+1238 U+1276
ሸቸ	U+1238 U+1278
ሸች	U+1238 U+127D
ሸኅ	U+1238 U+1285
ሸነ	U+1238 U+1290
ሸኑ	U+1238 U+1291
ሸን	U+1238 U+1295
ሸኘ	U+1238 U+1298
ሸኙ	U+1238 U+1299
ሸኝ	U+1238 U+129D
ሸከ	U+1238 U+12A8
ሸካ	U+1238 U+12AB
ሸኬ	U+1238 U+12AC
ሸክ	U+1238 U+12AD
ሸኮ	U+1238 U+12AE
ሸወ	U+1238 U+12C8
ሸዊ	U+1238 U+12CA
ሸዋ	U+1238 U+12CB
ሸው	U+1238 U+12CD
ሸዎ	U+1238 U+12CE
ሸዐ	U+1238 U+12D0
ሸዓ	U+1238 U+12D3
ሸዕ	U+1238 U+12D5
ሸዱ	U+1238 U+12F1
ሸዲ	U+1238 U+12F2
ሸዳ	U+1238 U+12F3
ሸጂ	U+1238 U+1302
ሸጅ	U+1238 U+1305
ሸጋ	U+1238 U+130B
ሸግ	U+1238 U+130D
ሸጣ	U+1238 U+1323
ሸጭ	U+1238 U+132D
ሸፉ	U+1238 U+1349
ሸፍ	U+1238 U+134D
